Alabama,Alaska,Arizona,Arkansas,California,Colorado,Connecticut,Delaware,US,Florida,Georgia,Hawaii,Idaho,Illinois,Indiana,Iowa,Kansas,Kentucky,Louisiana,Maine,Maryland,Massachusetts,Michigan,Minnesota,Mississippi,Missouri,Montana,Nebraska,Nevada,New Hampshire,New Jersey,New Mexico,New York,North Carolina,North Dakota,Ohio,Oklahoma,Oregon,Pennsylvania,Puerto Rico,Rhode Island,South Carolina,South Dakota,Tennessee,Texas,US,Utah,Vermont,Virginia,Washington,West Virginia,Wisconsin,Wyoming
83.2900675745945,3.8861407022788583,10.58920279644796,39.40802201684039,91.57338530812495,2.93212997774099,6.157351200392904,0.7685306329728866,1848.262488831515,99.6315909462334,155.29403572972072,5.689665496436678,0.8505104814749609,29.51320171391847,54.46132560213675,7.154656040650091,4.0404531547700415,26.33816961388691,105.87081908245804,0.3495506573768103,26.404256422080806,7.441342281990325,11.48444328936324,4.865212076034529,68.51400828015184,10.339482972272897,0.08640388453488285,11.442037993581115,17.69180998267499,0.05212349005638445,34.49656279730226,24.871536437702744,52.168544016667866,41.57470594692816,1.0647501224160603,32.084423311781215,16.176596582376302,3.9530474984234334,79.82691232226229,39.21008767472955,-0.05212592467479338,44.514109201263636,11.119292536101474,58.91477620112597,332.96375762428227,1848.262488831515,3.511443511589304,0.2986405921930116,57.87338878062401,12.285871948820205,10.451499864451279,2.144123524685815,1.5877050931201573
151.07047785415185,2.103846172571855,26.4968081405326,49.262784250422854,129.68978835560625,14.506077508768463,11.47291900017494,0.9451943939118271,2666.1781651968704,130.19982543193618,130.02547607033114,3.517267165167344,1.0382683058326687,39.68927900463389,70.35675966851903,9.260597918281503,16.821285174132676,8.31945167755703,134.59941152796563,0.1161877397378677,42.99738123355393,9.642086403478968,15.040581320430455,12.012689949325088,91.59652286294957,24.566336771406522,0.02598159010996314,12.0826624423831,15.538708120721196,0.6775705086227316,36.79367477578251,25.069748351689924,42.410722155248834,88.58987242652742,1.991624077112444,33.418636190985325,34.58738050596976,7.212133209663221,92.06746981184632,44.21946214122414,2.1617708693667357,77.26887550570899,12.275640731742158,83.10920566375431,542.6234232523283,2666.1781651968704,6.116109128019089,-0.14077779107886587,86.68914516221204,23.4571929024681,14.944396441182032,9.809707751255836,1.8442283427158068
334.4664948649244,8.490420153600887,19.36697014915703,83.03123625483214,216.81126762562383,27.896399522586904,38.577381286818806,4.1831542013376986,5415.354843679695,276.65942185617797,248.5618802545733,6.405766119333425,0.9907549009165698,113.4283513612225,106.0824240287583,19.865823888325735,19.95897191026527,81.58272424166114,268.1179604318714,1.4738043757591295,112.08682082323838,16.644495384307998,57.52881647591612,37.06053963288193,163.70011286091366,50.6541863775222,2.558020892412298,12.037127800073158,12.57859410578726,0.2698029647541972,73.78981906743059,50.57613422532241,121.88980651239822,245.45308584648228,1.4673149856263032,99.91541861735732,65.03340249987056,4.908509259115108,179.62404283538882,48.0102910971459,0.0010429429648887156,190.46400852749238,10.27657639615679,120.1796626973847,795.5793932565584,5415.354843679695,13.129165153573403,0.8645734522783869,211.26683173293918,35.71235576820016,51.52662654741353,15.387497984187275,3.3542933771575534
459.27551966319356,14.74648527827009,88.86963534775006,152.42830815032403,479.565437440279,34.699684634249195,41.051729899140064,8.035993590355652,7687.207384516521,311.6738084332416,251.86894624883183,6.771150370847143,11.132007569728616,158.60635961657624,143.8529959094709,16.604853710010385,35.96519546783732,134.48589543224946,208.82639104515226,2.4967523372682763,156.5724624880449,33.845764687826886,50.87624118567201,77.93819725610184,333.4095228488384,71.00539273855235,5.7280654614160404,29.619790483650128,31.294824239133266,2.009264540722058,199.23328065964654,96.41627034137929,218.20476376602423,329.33298067453995,6.5937850588796705,213.81051582414506,44.665953028115226,41.4027662114241,235.50582546698544,67.22288022427045,3.3097195810821844,306.6591001721411,9.44445573864692,248.53890274914713,1082.8692724333932,7687.207384516521,4.259756899789801,0.2610486387360854,404.3286316463044,45.14873474695692,89.30189424266484,30.508200902138565,5.957387866108993
333.93251503151913,14.270010118928072,136.42145661078737,241.0952965179124,1077.9186368932822,60.22717279095211,55.92984084579811,11.447411232510456,10024.599046075356,513.7933766928913,266.95710823192843,18.236918386852,14.021754924682003,274.10811132008234,133.67203359934214,20.676871129069315,46.51370057425732,273.76049311676496,232.3424222122595,5.240846629516412,232.12655777947447,45.108686458602435,96.65283366303207,177.1955192181374,243.49630411738363,113.40852341885201,10.16759120763356,24.235104325001053,83.9622786487496,2.89161720127217,375.34928748156733,175.56595237573077,319.20305312240345,384.6899591984763,9.353069170283607,280.51001872814913,81.20827937024491,59.196408949495,391.2053889683891,89.89476942358124,6.444629122890695,255.445364381002,11.904049184148752,342.8471562401684,1193.4360285011562,10024.599046075356,14.169878418276959,0.6796196462089938,377.1816656160712,102.64904038248677,148.2742758990106,45.41246396728395,8.941016952013015
231.05921089654862,31.212817772080086,337.60329808977264,227.46426991769135,1846.866324810468,113.08113938271372,109.83852325336788,49.97987981902733,12686.98856361348,555.0797137637558,224.1428468701632,15.493770090648383,39.661658055128605,432.7204328077305,242.79902788525845,39.517075896361035,68.69638241514369,335.00799189392126,237.8994840834849,10.07064109701076,221.88214167715728,83.6259692210818,184.98125441751307,278.8903346163729,252.17378225396072,253.49179663534824,12.651554078732536,30.51134824351225,164.0879471283352,7.116779982335263,331.7430699432838,180.26727677555573,607.7579718697647,373.5591910572901,13.499762455684195,336.06701642543334,175.4482823167097,145.12622712291815,454.8451823380535,72.34216264049347,2.9771572516737486,214.38430565628028,20.086948828908817,278.6128450944452,1203.8064471001471,12686.98856361348,6.486308874152353,1.807946154999559,219.53372512748723,302.38947731911185,149.37204339803748,81.57746080073066,34.6731315472897
279.69596727325955,69.05390848124087,611.605049317776,429.24411288064226,3354.3167330020815,166.79349588276096,209.57669287074248,36.91214711397396,25249.442968269017,846.6204932391727,266.39668724113574,12.743492069608042,172.21832955811982,923.2813803661539,520.4226229176627,119.71116928664874,188.0755366871207,616.2374019120012,353.55075746187157,22.669492777416437,344.6141837231517,214.29927516711714,341.822522820675,474.9492927134163,279.67894090231056,679.3480462370071,42.683019112080274,58.18539912903935,309.2305426319076,9.004215557597185,561.4191346796295,179.88388046470575,1019.4851039016409,467.3145082558809,22.427207887085725,598.7887834931823,468.9460344704909,605.763782670317,766.1364608750825,72.41213109767189,13.843261603670886,211.33493015827273,52.510212049981426,460.7200943104949,2082.01065788256,25249.442968269017,35.185447790441394,11.53488829351947,408.5523581135651,801.1382946867129,216.10166872063252,287.64593840468854,37.208977277721054
482.9443018859182,54.15719840408505,852.3181624536752,466.7812347708348,3574.159397653272,167.19361127799016,560.3561997470404,63.044725183556096,33849.24856529878,1035.3864749125246,371.13604297261446,9.791839234663948,218.69499397947095,1260.9917390587411,1075.5264557801963,283.1807486308488,390.8165805885734,1031.5230660704683,491.3499671385854,82.58173754356649,472.7529804954517,632.8435994128664,549.0887277473377,519.8429190599503,268.85618457719823,1088.6002748463638,69.497373417904,105.6818477370167,627.4792173623268,23.923209599813056,1197.9210473412106,408.11829898024473,1652.0253328999224,784.7933957485623,53.850243264163325,1112.6917373244842,1127.810327505922,655.106592708187,1604.780311838786,76.99562425388339,23.75223479331732,261.870531203052,75.84597714507422,678.547011066893,2505.7728463976705,33849.24856529878,35.99484612847319,31.184308214838623,513.7975679106935,856.1121744216086,329.7032741055747,588.7558985283554,60.13696368091969
236.12934496039867,69.30781037282696,738.8483258333865,344.34846677295485,1862.3865055004717,238.33783532171432,437.01239385047313,51.99269251034781,18776.689618254917,745.3124848121981,185.0640923749267,12.49411128604793,194.59738768688507,841.3219595654035,804.9192836529827,230.76097211854145,227.30903432123569,511.7710414497823,354.1135769512002,117.98211067319238,331.95007105953437,599.2739091260763,703.9450882651157,340.4503979395508,153.70707989156034,741.1354919900031,110.47457195593489,122.88094724764052,475.1422767638194,66.64502781587981,610.8658920678986,406.54080467228295,1731.4875128089514,352.76135502692995,30.796122472335973,905.547072738641,814.0512784269482,726.8732786622055,988.4672799820468,73.97958023657007,65.53086987855876,122.51166331413881,89.1267476992958,412.20376516096565,1568.5178701681398,18776.689618254917,65.33552647728699,52.39438816781707,317.19511196172823,607.0059229751031,248.8454119375998,501.3600423525093,52.11920334788718
179.6054274013761,58.420323173894666,506.01011666060504,231.47626868693226,1247.2468686085565,265.0873943657355,413.14241256156436,15.314047601692039,23038.22176878912,858.5794114288152,174.23340902786882,13.425845824798527,288.9080363214181,639.1884318459554,685.5070207975076,359.83717599295653,218.8371567587309,426.8255091776926,111.06908417418053,176.23897556424885,258.83274191465205,756.4659350950334,1035.5918306719523,217.95297817022697,134.1536527265265,722.3141560119535,104.08447797842933,188.19477860032308,291.7639983221214,75.75813174757965,685.9073000529706,325.84287915536316,1957.3003726307088,375.12819588831866,62.11403644018894,978.943363888141,749.3037602191746,704.3657248672874,1120.5956895838294,66.36460336474603,45.067708790077326,145.2350506282344,105.08950783011636,232.28295006027324,1549.1117957023666,23038.22176878912,39.2015321806668,65.28711773472962,289.7119017830098,811.7274639754869,202.6170703490789,485.3290073393053,33.21873336760528
145.59027386512807,42.982949693699815,624.2213871299755,192.5149535393703,1770.9783955993485,453.41146175632906,243.27693072646335,28.427290373045693,18096.460135940175,1086.536628357148,156.2878873829343,25.35279911150744,229.8861219422568,512.7546314803309,565.6435494083486,352.08781312746135,171.00919501293833,177.0254464724552,175.68301615050748,204.43467349342694,224.15121572766472,847.6441294288771,1252.6508574788309,129.74664277027094,63.2979645539416,446.26142262879887,51.423519700800014,136.08046422187417,199.68357669569258,124.48664817362699,480.2733123216153,372.15403019293933,1425.4373024328374,294.74876088219986,73.92546400290254,722.2947673539419,636.2116797649862,261.126415411912,973.836051291346,93.07251397884679,48.99372060782965,107.56490643144352,83.75086542687876,231.49225661765516,1157.6083615866387,18096.460135940175,65.937823838885,71.22371964810085,259.1194687027812,259.29376946696846,148.7534375712593,446.80034406256596,47.07540983764777
148.65194537975626,42.90246854656682,655.8727907924045,210.36850570777335,1203.7755353036216,341.9785269213102,230.5889080753104,37.36903539027844,19919.422468557303,1352.8125771356692,172.54620827547984,34.48713742056407,207.76965799330668,566.969565340031,553.3860163727506,322.99565737335826,188.4315553082448,281.6113811044955,159.78532248022825,202.36906070504438,225.06992977942147,787.7009204022158,1173.4074663477127,214.13933755839227,125.93606609383228,689.895984171715,74.17090768810071,144.0865373318505,165.74867080847773,143.184182655383,500.82364945077444,264.3957294557341,1177.278067854775,299.24813622190356,82.21254844463874,662.3755607530926,730.9935586903442,410.43490506863117,1150.1314138033163,76.5688136950083,54.7490429471297,167.23275602662173,55.56645573017065,255.6145435881916,1570.9079196757518,19919.422468557303,85.82298305637214,85.8912549623961,289.9433056970821,365.4041025712896,174.35182509456408,495.0073247530993,51.19125709696461
118.24512603392961,33.932299616771616,270.19165001738475,138.36104613347726,662.4079867506846,133.82347560522035,150.0013197215035,45.48863942105493,10643.425551497021,1379.5890235009801,189.08613956189464,16.047390223274444,113.57691905906212,349.7114816738172,246.3523006081868,171.35687786323575,106.16906985841896,54.46077696628174,175.60258124136126,114.18708847586201,140.45677767641982,314.0403760045517,353.2033205452341,20.468240635410076,81.3856944784363,321.32416657608303,65.50515448496375,94.1633152072283,91.59855526391934,105.27757302235013,314.77301618350765,161.90475727872385,713.9617123146861,209.23765256592353,74.79604177307786,376.5082490601117,408.56464809769045,18.922654803770115,689.8900610638492,62.57630236796221,36.240735247078526,163.8249804015005,69.17728045652379,130.92540395024906,1142.6368119100073,10643.425551497021,66.02177047838734,47.519357387204636,203.99631304358044,176.69233662520878,145.77874662106697,275.12616176540257,37.99793489971901
96.40947979084447,10.195049695013823,149.0307639835985,96.32251300292072,135.11799378960706,82.0280356543392,46.59951281020942,24.272540165134757,3445.3094981836607,452.2279369358223,106.10005800101176,11.522935874960888,30.429742138515373,31.330550263734438,82.35272338799,11.090484451480577,31.14022297394162,64.29518926106304,49.70145552843867,29.96439239665674,102.11712213723462,110.9715703109099,91.23685713761324,35.993477159340884,48.036432360790954,89.02055023447599,39.664058309445416,52.02793764301363,5.475628470566896,24.495565649976722,149.0892943008165,-9.19958810964502,172.17601066418308,111.41104513185047,50.71728699898205,4.964855797217496,165.42105703526096,7.6247112935165475,363.01748778236856,75.10364701113984,6.1642814094678755,60.63525644146726,20.997165790934133,90.0931160583221,677.3046316896426,3445.3094981836607,17.64747351015596,-7.008674214718731,79.93655655358918,102.35045463853797,33.15007298304324,85.53206392553699,17.81459279578265
50.10501409646436,6.374231344836428,106.12726859578657,52.336251159074635,221.72345540832214,16.786645421585014,14.81198925628797,13.200762647649753,3850.0536157858314,685.1923355535188,80.50896551697795,1.2855830631721865,38.28563288746299,66.00113490225536,75.30935844388551,6.483789071095728,39.248413933170625,19.561752711433435,91.06031431773286,15.222495032439582,57.39387919231214,71.18290022728738,119.87396527509364,20.723991876498722,49.15969594116112,59.664584479202595,14.325117443680579,49.41990826709784,19.8284124448105,20.222682641546182,99.15172088635839,29.760238647563014,142.91467520932272,50.47439940202813,23.702779343221998,70.54635677562028,126.53440049242376,10.855907749036241,276.6030968922577,60.55028316360047,13.062622313810241,58.17444759921508,11.269991064105284,55.69148605847164,436.5042414199656,3850.0536157858314,20.720859292338627,13.907508866287396,71.7824832995083,56.742142425822735,11.102293987887668,78.72740849850197,13.760485701008006
42.11785895260523,5.549033104823365,35.80124508374236,43.146275155722535,30.15278408510372,18.85923388726013,27.371807696448396,6.315860163258835,2327.1549839716877,375.3933098437139,73.11957318527459,8.927519526689554,10.300773689971845,78.83501067958545,58.669930232376785,49.33028231811216,14.107432236701179,38.97044847504416,24.075144320812093,6.840192179347126,29.296121033061233,49.01453895660704,24.90551201607392,12.96429000021689,30.67335194619251,59.68316815109182,7.43690973616299,11.503696085322938,6.757480896773417,18.014414895636094,75.00174761800311,18.22629850120159,180.98334001223054,25.834523900596075,22.189552575764264,40.639742901004695,58.312646036141295,-1.9124021908917825,213.02400714382262,58.65133860899117,1.3279619008147758,35.81747949189795,14.97593792105346,37.18559338423637,307.72786077610226,2327.1549839716877,3.0025571144743086,0.8519236284586578,53.78745312359619,53.88758085035502,23.02684464107695,20.503625206049147,6.817186059996194
33.69413487508642,3.182799768800898,79.89933125062139,10.372669234642547,161.63526674282986,39.38690102016892,8.337497054986251,11.734927051896364,2505.9620383658603,332.51457679575935,198.75826627488607,8.119568260975102,-2.185066358711401,-12.750862049230498,24.99675402003147,-5.975420793392381,9.881586824026224,2.5838641517359306,112.85714943752545,7.550090587253528,59.087743101491704,51.10505375802401,115.48869374440957,15.487150301499977,25.372081598580532,40.211515438674105,9.005189568156686,-2.710702497838165,2.1456878548702076,-3.0445063928206197,29.82976924760063,5.8903022629325,79.4742742435409,29.028906452419847,5.829259337823277,50.010395652508954,86.75439978052286,8.950520025912517,182.15402037050612,56.573136601281924,3.543939210393286,39.54280019304053,14.817659832693746,49.25420048492309,262.6165478629648,2505.9620383658603,3.9977563076678244,3.8280127865541957,67.70128845580498,31.283719419183562,21.755260544666825,6.0236811178485326,5.080340367598575
28.350013367609346,1.232548424454002,39.673113318016846,42.32914559219965,47.30568016837321,24.898225013182355,13.418396330046214,4.12148423276204,1904.5892636606645,284.36119836330425,103.3988949089142,9.799577950246206,1.7040162488014632,55.83916095256238,44.73887391404332,15.059461987828646,8.255897497398255,44.095818205329,33.48797422780157,4.246600222005718,40.1361894554836,61.46676387639134,14.497502898184734,2.1878560180472313,17.40531287486382,37.05152508257255,0.9070241984750105,-2.4043813211825205,14.903342849474413,13.089145555717737,27.282822657979874,8.815169337810547,72.77281086423702,52.44326624661615,16.03946026900031,43.09821444241564,35.8102502361487,5.238026446003296,178.6198022122852,66.36276642718184,2.0305161149207938,47.45214028903907,9.157463152437673,16.827154255941576,275.07139980133445,1904.5892636606645,6.916024736196658,-2.0686103787735517,59.61795462464937,46.02416758269028,14.864252365820997,23.017814464051213,3.1611507673680483
30.405878248321486,1.7926423910206029,40.87934054423505,15.131002180723188,81.38952692250618,14.56724495828118,13.31171869980986,0.07043857306082757,1812.9930320075403,215.93705989692484,80.31533113556019,4.939487557500524,7.448031392749694,12.50757834415339,27.020559479950713,5.751934372542524,0.874570580172537,9.687180429726409,33.96358976396778,3.0590982617089537,24.64436413874477,23.303485238083894,81.16897883991072,12.15679309214411,27.95094508093879,42.54136047247501,5.6051273522331035,5.2399983393635825,11.613444648280371,0.07182561488999051,59.197138217918614,0.6308060963979445,73.4942612521843,43.362728675432635,9.139136421878902,45.82659212805639,42.50714004470801,2.21077986748219,202.0323168019928,55.99761145766699,0.028587126081381697,42.25231711855722,15.768027661405936,81.73159504552623,219.4704328401144,1812.9930320075403,12.082748630028842,3.8233838158370865,56.129727119970816,25.341642622289946,7.864514846750035,4.960902941206288,1.485061147705144
28.643311500648462,4.607905059065075,43.268851064347444,37.038107202883644,76.59131205011651,11.293334557371455,17.757266259261257,1.0197967371029537,1494.1966147862797,208.48377286556698,64.1589036781629,5.985517334738559,1.9775883316038505,42.82269077445808,49.59958835417416,11.852766014042961,10.217508316675126,4.040886002548969,19.015870691717886,-1.524631509321915,28.87594334099537,11.21363443415094,40.13261952453327,3.6178336772017854,32.90778730721215,33.1390250363565,2.7889266629061074,9.403986029180698,-1.2611118050528898,2.663556352566256,34.514001492748925,14.110992875453618,32.37774148364602,24.272400524019837,8.548287433515105,11.143868936926543,26.589031418299463,7.0849684817393435,150.5384844558523,43.41007656388864,3.28147848806925,40.471222761246956,3.454902872701247,15.931073848097604,200.2066445751264,1494.1966147862797,3.8618317783624514,1.0160410391300592,64.13261192623312,39.35647003438618,15.290228461822203,3.319527688638185,0.5688637057123089
12.560995215828545,2.3415171778786403,51.88576239628209,31.148957496032935,49.25924473638133,19.904469009673495,8.089921084945855,3.659929968270423,1453.854981480619,167.24552782361846,56.329282672357024,2.8485846413086904,2.525894779501656,11.436011381874604,44.89734156675472,3.378089944355646,2.144105340165938,15.011356212976004,26.69582447978241,5.149309060171157,2.985013535027754,12.85456475143981,53.87988906450198,9.233256408705605,34.792605472683015,40.43356255900279,5.952436901690772,5.489380771708335,5.432450837361695,1.755644183887528,31.946302919591073,17.98292980401931,43.526530174357774,32.76953273036943,4.286565594706915,22.11330511789536,32.34565831794339,4.46896431224352,179.4970077675657,31.531769478678726,0.5311789731470762,25.79607584694729,6.67435917759023,60.47107680950231,154.13990506572816,1453.854981480619,5.298800723328498,1.1123852800525513,51.93930246009704,65.01704860379216,7.687112753942408,7.447515283037212,0.5883027851835607
18.366987992960983,3.4707212467594273,37.68110124754305,19.712211925986487,34.15584949957529,7.129135616571132,21.221571432943755,1.8557196022621223,1295.8973476418496,179.85926832581652,52.105255149325906,3.687350048040912,3.9701138590914917,15.705957258637891,23.33985604803372,15.000297207231192,7.042611992976805,15.396718297366952,20.73154150525891,-1.2000468826705126,18.84804426146282,20.805888622976802,20.66920102920686,3.218469596766779,31.91442257454858,33.16608809187137,2.8403270301594166,15.644409584263132,2.1948636912266664,5.08120109850673,19.19114990624881,0.1676607209680565,60.4809856252056,23.308312511560953,4.74518322975282,27.619243868387496,11.635061311344655,6.553460297429278,174.21288440464318,23.19555078568878,0.5773174484964465,31.650582285181525,14.798758338210487,0.29232628771732294,162.54450629400418,1295.8973476418496,8.67653307121984,6.749739607865559,33.57088295360461,45.20365446400129,3.3404155846113373,11.536648402063827,2.0058506423782076
22.31977555390648,1.6162871733959157,65.12320357475892,13.131323398144003,83.2957394545593,12.189592813801198,7.8631349648407625,0.7623377962057811,1472.9842257717096,220.37995718595332,54.116080819037954,3.7596078773478543,6.299414366496365,8.391607107462256,39.38862821560113,4.535935097748078,7.189287797237394,32.65723987910232,16.207407023203654,6.530666234362257,2.9455502838022323,20.827602762932916,36.39892345151601,6.741520700785996,19.86554683498038,18.922435369415176,1.8931530865686357,10.96708324313484,7.622847580574208,12.393695396996886,23.58784256689509,3.158174639354913,74.81609821917834,31.959667850477075,11.729805896768458,38.49718000184802,35.65694930400282,10.746994087503936,142.72646431399556,15.471935522381106,0.5790807472464389,18.342203295653015,16.021849741592433,56.84202844270802,155.72685807109147,1472.9842257717096,1.9143250446928652,-0.4720964897626967,76.89595060909683,21.230291036833222,8.971356840564283,3.9732729006009713,2.00734827981055
18.32910110031523,2.49786947061941,18.59308452457799,20.410358328450315,-6.978296204797509,9.628078808180794,13.374159592360595,1.6084710937859958,1250.2214262988875,142.82817185869277,60.3838463276374,0.7092362616932424,2.6637312416959746,46.980630981192284,10.538538125622122,6.844002561357932,5.604949568837769,2.9753411166341586,24.695526950720634,-0.127219214929279,34.43757445038431,18.037091229379037,8.006997598971015,2.8341104155189303,13.866129665397558,35.83808085212195,0.8874872250080512,8.53079187309165,8.59540165894544,7.416179448805844,48.7910368034495,2.9828172949706055,133.3212221000293,18.559745526212957,-1.1296882913166835,26.37222218301119,18.683832900195156,-0.38441372457807743,159.9308023923957,21.652309748116394,2.435891343966467,24.680400279811973,19.84242433267545,6.747765381672199,118.00275306997287,1250.2214262988875,2.877093313165613,6.470824057491876,31.013728326313064,26.267171342929466,17.41193417909145,10.513465121072128,0.3815386707965539
28.662733798793123,1.4191416431060362,28.818985211212954,29.870885220164297,52.52609347452106,5.082151053147284,11.793803921415588,1.820775279539021,1298.908967634025,166.3015929530864,54.41581000581472,5.456469399965594,2.8415222795086055,33.45590935568047,53.74422009813678,2.381869363753086,10.16454486659543,23.045867130591166,27.401565612974405,4.844013039460285,-7.660339380949724,8.687226505081163,19.014415472879918,13.389580089967449,18.780362355849654,27.42922720777938,0.9468132872960944,10.038839145954725,1.9416811011855852,9.612435616619287,35.10701449061234,11.483787373598334,54.93673499538882,10.352817091722184,-0.4275243022328957,35.145194141851945,18.938219850020047,4.445117497209271,75.00456423909161,33.3980533318944,0.2837527623255953,18.964680514542135,13.323270696701556,74.89494404904922,178.90485167287758,1298.908967634025,2.550843824834792,-2.9922747255059314,64.5600704554274,32.86262582804719,7.241166623675159,1.4545406542072907,0.6576568697629825
14.510069004696664,1.7193506423554736,44.13664525674552,8.021936900194794,47.01524511766482,7.023791942400331,24.89928861873946,0.6583939301582822,1129.4775824813248,190.6561188642635,50.29354806746533,3.454654655083765,5.239517041109335,17.057762050411746,-0.206058943628328,0.8290128186184136,3.336547163793528,17.118898155682512,15.717150627143337,2.7915673729895216,26.236663812842018,10.576161132867135,31.654713897757695,12.700460072901322,27.386039698599426,29.04136495426708,-0.07706202417699648,1.4277742156918074,4.457837269133451,4.157100696800514,41.17806925597191,-2.6579533100350194,79.14675810163489,23.683148857126632,7.7053150827120565,1.9151389416169522,24.817323218748225,5.592807411836095,58.89212934278103,32.62232267381747,-0.06977046130269303,25.031516429741124,12.878986875616866,-6.38201161358953,96.38867176307792,1129.4775824813248,6.052355583571913,1.5940316353889803,45.09343813047148,24.285714578490918,7.0877489082651275,13.186880652879914,1.9518856283369386
16.900362793601914,2.0644524889110283,45.95586655373657,21.60314326830686,20.710908783675066,20.350938473060474,8.453635117718681,0.3027621401915207,1016.3359290188239,114.38572002238095,33.74759615053388,2.069775496905944,1.6434370602844248,51.39263189598445,21.134099040989184,6.501424115251894,8.00789017785522,26.457984394690605,13.785374603109924,-1.0533758576083043,3.206385379724935,9.343927925477805,4.5459056863950575,11.929951719683238,14.491766578079089,12.83783707425819,-0.03257999231412257,6.047235724885169,9.800377398834142,-2.0256980771411546,45.37673452561293,6.0147032552694295,72.97748541071888,25.325426112914926,5.018248261448643,31.295858826353047,16.523152254554425,1.8715895356074914,69.66423604433241,33.43032169096428,0.8994504088845096,21.455425131747173,5.113306532339595,45.81345541943366,148.5733929082514,1016.3359290188239,2.711421073140232,0.6490253294339832,31.858504013539168,26.878360077741064,6.989194022602402,8.355743092656292,2.830076163439676
20.30067388993424,1.1379765284579308,32.01397948517483,1.4705745357339408,50.87839092582914,11.225405207577497,6.5087075048497836,0.13963767711236835,937.2849139714803,157.7283072085316,42.10739150546571,2.356470421598029,2.989804577858828,7.124229225742578,4.245594324697427,-2.559394977342105,0.01923582495769338,3.4202273011783966,22.73498134084138,6.536748802047441,15.676495455694045,8.405801458855692,5.49236977951474,5.807825179341355,35.85567186092082,19.592937982962972,2.081561267081414,7.244390680116876,-4.2044766914846505,2.5020215072774814,32.31346384468044,9.404746712082598,27.52942720600451,11.108053856704679,2.773037324044841,14.445403759398518,13.127199251391893,-0.18165307911872364,88.7328485042854,33.250418073463706,1.0568009389182864,20.767490359831996,3.902539511036667,0.5515334527875915,73.49412660437363,937.2849139714803,5.97032406478281,-0.264444190785841,52.91255610173583,15.015833429786248,3.4026289885908336,2.8800482546232526,0.6424949227747301
9.30824884900017,0.14030094532414497,46.93454532239005,15.499310720075137,3.5855455168451904,8.195789483753169,8.930911069908468,0.6913126004167718,863.7571942220638,132.91795538745964,42.657486428390364,2.4932312586348466,7.620179193693366,24.06707580147384,24.824660142314634,18.269640975377026,2.3596821546378868,3.6520501442778714,19.18660896989745,-1.4576582063966854,6.112717906055488,9.157083612785165,7.169424009165938,14.60595161655241,13.77783824402625,29.270074394442837,-0.06169424420433278,3.421953347947376,6.823824703690304,1.8149262414191605,8.932278348972282,-0.7145559732871876,29.22894185119287,10.007158047618283,5.15162556354947,19.44239013877719,24.597758994715896,7.231608026795312,75.27168393261043,34.90360597803922,0.9196382766022432,28.52308806391282,4.104221957411648,33.2821385011077,135.1852942744774,863.7571942220638,0.6404522460962765,3.013472619200966,17.02200411406376,11.9171640350242,5.357284924782614,-2.6047437223192924,0.5463070630126915
3.5222913653924017,4.618318608610016,25.77895483190322,5.6043867133908805,33.87676134521701,6.400148015339715,6.3988542179471315,0.22990116832913637,1073.423749061114,125.29750855083752,35.13119829148216,0.8262623564630158,4.97759136243138,25.308883746590446,21.38581666201143,1.7033165616724348,1.933270277168259,23.55107209035086,7.873279248564971,2.4513324506541534,19.616499093566723,10.730466367411534,26.394317388183786,22.72140184965123,21.05356780532983,27.378312121698162,-0.02998111438218552,1.321854479333795,7.782525551834846,3.4955996235217857,25.215715810371165,1.1754369663902935,61.933832322704305,6.540019967350689,7.298205113637475,15.891002837770099,3.373006420022425,0.37681026054843025,31.50498432168812,41.9669145184555,0.1628959478858213,14.43207936642408,6.8476450628866115,14.415722194158164,225.35557553419017,1073.423749061114,3.1490200156284915,-1.4796879844751822,74.4069898755322,12.132307423022363,3.706133453711304,11.102849117644965,1.9949500548749555
15.945604553535206,1.5547900187574837,72.47354850564908,14.722713281202797,36.264212333368654,6.872366276822141,5.566355352735696,0.7350882940826295,940.1150817226174,133.0731623464304,46.787254509225704,1.1010345608657124,9.612575211815972,34.23205793761002,15.936327093382975,4.764385667506009,2.011710301023068,10.358845730464516,20.60796152813636,4.741393121501493,6.1611339902295015,24.04157659522025,12.88165028659984,9.022011908981613,24.619488422065626,18.1730074897676,-0.015623227608746317,4.176067856953854,5.3492432350904275,-0.18338041012795525,18.539377149916575,0.9690526310174968,55.82447884261265,17.486699382800825,1.5032068899284805,16.963453496972715,18.70356307461159,-1.2014554579660537,78.3028671661188,42.33474825912595,3.3296463595701606,24.582857672290558,7.05059525565126,15.825036614078073,20.185253268382326,940.1150817226174,6.406849083995322,0.8790139545034148,22.10038311776582,8.78715001372074,5.2775088200812705,3.5770931712444725,1.192930854281948
8.457918125705849,0.05614818199349586,42.14673687181211,6.219425617658602,11.656457222775064,9.400517850683508,9.770441193312337,0.24874385480950828,1227.5939710756961,142.32557664664878,33.631738348388325,2.6668271995492088,0.03404232989023459,18.5031483315935,20.288876166611338,1.9164072067062892,4.716004543714068,11.003629754409932,15.909764662922191,5.455582401027237,5.773462231131734,7.36272347072139,11.04280430223917,5.518678105312421,21.866712335353046,22.548106898224773,2.0966596768992543,1.6198599832143472,1.7171534642877258,0.09830744847413986,14.784745632134156,5.236947011242071,47.34845584045016,9.86594203264227,14.09696170229826,330.0999159117349,26.924835761563212,3.090752596060115,41.134589482408444,51.798356853530834,1.0476621400059551,20.44760208318209,3.1225309459050665,12.587194819075775,150.8299387213591,1227.5939710756961,5.309212106528193,2.423839967273852,47.76722098455213,13.675248603759684,9.736561695396803,0.4274544936799971,0.9213424617051704
11.845274997264678,0.004815989861720381,79.98857355156983,17.55661057676174,30.903853701045453,10.297899471838818,13.058492503988377,0.11418849726627443,831.2235234929256,141.3444083721866,36.50141254276931,0.7741870674235938,1.7045130533395383,50.5369990095522,13.529549898632066,4.456399662707578,2.509868304128634,10.99924207463914,9.962473381225728,1.064488093229695,5.894893449594154,9.221401408808218,23.557434080573948,0.44901878836466924,19.546707798486878,1.4145435540180085,3.09537325114101,7.963186828181668,7.721984031022261,6.190293652760252,21.333466517836065,2.3376340500141004,68.39322924385283,4.375284998730187,2.2879919659121772,-53.0490095363194,17.782126877820534,3.611986557226463,65.28979471751914,56.81075111406562,1.815533150987248,16.033156606430023,2.954020946199148,35.11630777489546,71.06927297841924,831.2235234929256,5.50595074265979,-1.1347047361133151,47.481042707903136,15.829394623644562,10.009657813307257,2.1190350814848515,0.22246723027352067
27.0810207485088,2.686972554650013,54.010554583898475,0.7372650601833302,69.60772166469008,4.0079021153570284,1.9229088577640505,1.9411479781591052,966.9624183788736,150.0541094219672,43.6865061343823,3.3597032396131903,1.864046326336449,2.1276789582901756,15.05397415818486,-2.083430058244812,4.446274345745952,1.3055288843401218,15.04978351365601,3.1905213224134594,8.958939972516031,8.44730271001628,7.800525703976945,0.1723942081277231,7.819986741410104,8.179022366407848,-0.09458431803703449,2.4996911970699056,5.623876115078102,-1.7031505815691927,25.501028143229153,1.7252912237540126,36.067101417873936,15.52629131465695,0.5219821879047619,-4.4675010775314306,7.866849125199689,3.0230992934871965,66.50091438640885,66.43827742136256,2.1500329443838115,28.267979436929377,3.9831837137544293,8.988419282891094,96.83999332101314,966.9624183788736,1.1801540871851541,0.6932897798316716,30.68097695231905,17.8751428657249,3.995126390390289,9.794920362544573,0.7186902759497242
11.207357358151288,2.1826246542008643,67.16103793396259,1.2555954080181302,21.656284473169524,2.3642258941779097,6.085612184859635,0.6263163582772038,921.7262012192501,171.25988873188336,52.14209744686605,4.788240968238588,0.7813535870047756,31.143364705794937,11.572870678074612,5.982106511511602,16.146202345526483,6.963533773088584,13.649590037107751,0.3592630916138633,2.964640164964056,12.724316607751895,16.74558042921774,7.455150190977826,17.45709464575306,22.68656667903907,2.044987634511914,0.3572401112286733,13.473297917154124,0.393831392154101,9.64547170202466,0.6459530120503127,33.736458340507134,11.30546233612668,3.0274418950600746,8.204774316167912,9.471306145551312,7.711238146996537,56.50130211197942,63.72611112922601,0.15831006612000775,19.606010796541952,2.074149785907111,39.76005683846043,61.01969989881952,921.7262012192501,0.857436450049168,-0.41373695129567845,26.557960011173165,31.85434647348604,8.872492224012586,12.996686212575081,1.1146846278272335
4.679494168274787,5.537954465626275,39.69178917925001,6.677967226128892,43.990833113295324,6.57044412965829,6.020476336613756,0.2874478114346129,834.3473876986747,142.9206155881656,43.456489221337144,7.1739795656703205,6.673529109497001,13.59916468079215,13.447090823512367,1.0726351504307072,-2.487563237254089,8.80480010902179,9.180331027803408,-0.4336778608394408,2.087173226283093,12.292835903922926,24.428494140508846,9.440745511971501,13.605227658688507,6.120430978407896,2.0217889204768467,0.7409141982360208,6.018202712119237,2.912753723126958,9.877398266616195,1.0759793003606344,35.38076897577028,19.085680064690937,1.9027915781778355,10.399043311870486,17.855432902500542,-0.21524353227394677,55.67311620043826,55.495045326104304,2.4773117180086763,23.58713624039854,1.9723578759628217,23.123352047529377,123.5107928970698,834.3473876986747,3.808074977053586,0.25083459276016135,27.27815551022495,17.03092506950255,5.3746627354722945,-0.013444593060040866,0.9514731013406436
12.183917122529763,0.7968751311621665,54.64590508337204,14.364725165497934,11.27271170285411,2.464656829211934,6.0048979517772665,0.1320962190066068,785.2178579845184,169.77759191975284,39.48285397189758,7.983748944458645,0.5401048993183779,10.780213826801319,-0.8177789085859324,0.40579881376183324,2.801406353217975,4.34185329695036,7.798036258002348,1.2682925527007498,10.667212890928912,-2.3496896121020896,6.397481484335527,-1.7531753179423366,12.634155031888112,13.042828152427683,0.9640760975273285,0.8954171546033755,8.447652926845318,-1.5726717149430627,12.26632791084861,0.9852835384225842,35.23831886397456,15.417578800305085,0.858132646268431,14.979062360891948,5.26046963210025,6.625826207578548,45.38775223704351,56.91648601090164,-0.07066578131991097,22.972017937332474,0.07907087341936603,8.59886937779889,96.63044328051762,785.2178579845184,3.182011209148005,-0.15076935180315926,19.174715098134797,15.831835794033898,1.3581931240766394,-0.35667642277489287,1.0190580089668098
10.45447939381463,3.3279514315450465,14.131612236878462,2.1659567675804863,84.63725030388173,7.742924950979891,6.0011715949659985,0.06082373430355544,862.5371272598138,156.09239482140973,38.46371681472033,8.79280348698416,7.712042664751368,5.116396343793143,13.606458668390506,2.4916476271816497,3.2087535242106724,5.265666357124864,17.96897887626909,2.3765349778955045,-5.536562820325119,11.13335757897974,7.65798490157009,-0.736110099061352,15.241807592513606,4.629408088237511,0.9822103151749687,0.9578843206626484,6.42266993277442,2.237714841944765,4.317726762609268,-0.4115703728632212,24.16686910545083,17.298686956525057,0.9439552689680031,45.72345190855536,15.750756665651302,-1.21787898811683,47.81092157255263,54.06158735907131,0.9115376664208181,19.265659694070102,1.899129353747748,34.085629336816794,84.03302809871418,862.5371272598138,2.851904506302709,1.5427489835500947,49.99418006143659,19.356683896655664,3.3670409858821575,7.328299312964682,7.470645874406053
1.8207718672369246,2.408491486668846,47.62981851244925,4.9187125090412405,-25.256104624237743,2.299304791384721,-0.4544436572077697,0.02788681312967399,592.7587309590126,139.91962922062996,26.675472071165334,7.367363919216239,2.715878400125831,15.05945798179006,-4.360969612850242,2.03308123916546,0.25199174103436417,9.705429760945634,11.681377993201624,3.3932247307999304,8.371232692799044,-1.2881715166887648,1.8309219100037462,1.6845769972898847,13.90366902218831,1.1899683655839932,-0.05647206507762581,0.9830395071316645,5.650980082304633,-1.0965624482132694,19.50588144925517,1.4933621003656743,18.66008561762187,8.864571280274477,2.085535253731024,38.927649181932765,11.056747136451458,2.484669601975084,45.0331870184938,45.209332062306665,1.9258392581026775,12.563432858430131,3.0024981336751164,11.009916607005017,76.73481997478733,592.7587309590126,1.2842879603186117,-0.7760515897661289,30.093798276511706,17.76285900103044,-0.6958589100165697,3.264669336712503,3.2540225496105273
16.596943046252154,1.900427666702929,14.794641873609686,9.36709458273199,121.97111225699729,8.920035844192894,1.9429612584365255,0.012813673052340952,801.5533343835118,136.15997707594983,20.316249533949904,5.91902601084644,2.8671527707373983,6.93813770419524,3.924925927069749,-1.0610021140680588,3.846534312729201,3.8622501169813694,4.755674062384136,-0.9448204767363709,1.990507688461181,11.327602172482226,2.5195869597946348,-0.6783531764112425,13.959163950384573,17.73447511369866,1.0193602398141763,-0.2284054464364476,11.984170506908917,2.036263437108186,2.718587210707577,-0.5117859607264945,12.683226479613399,13.7444442828679,0.9251911489579212,41.52102923761209,5.909388784432982,6.728733360558735,38.80346330996511,43.095379684754654,0.32758323248113874,19.0533076604477,0.10279262373782938,32.47337830664023,106.84899685589019,801.5533343835118,2.6042193253665156,0.4595183035619914,32.43132940454414,19.26805347229081,1.3825679825265695,10.278686683106404,-0.684032876345434
14.033948361776549,1.1436181484805974,14.978403990834526,4.445689817960769,-26.657967964548426,3.3371083418201692,3.2772219579667214,1.257661687851011,556.5725794524108,101.7804056230925,17.95197465503895,4.444163438835682,0.6296717869340741,15.334795663221632,4.833786760819188,2.9915393553376326,-1.2185871440227583,2.289296726149988,7.644798961539932,1.1893082248941922,5.732384481036676,11.134233186878394,3.2123467889863178,0.08227820520274144,9.183531037548628,23.15049507299142,-0.03777328215464759,1.129542617749854,5.124456026936927,-1.0097588537664817,20.727405772176645,1.5197870655544725,35.334491282863624,3.6018620375938237,0.9711919779305485,30.743006081376382,16.077222347833867,1.9265135710724879,35.98918888933108,37.1372481053678,-0.2400052375716121,15.458229471322225,-0.03807729931522665,15.240326407286094,72.61789561168457,556.5725794524108,0.571176488923216,-0.2711822605109964,15.83121186001826,17.739940455448128,-0.3027892630270327,9.380693325211244,0.25630448667456335
33.16480424829322,0.08215425808318444,14.57470023940302,5.29019777440087,82.33818663372723,2.655241268955847,5.648074572457066,0.4038178137277926,892.3885937504988,138.12400162104055,16.528211721094486,4.421348104518146,3.1349511425727874,6.517676078464233,3.745662747706425,-0.9957351165657934,2.929653396147485,13.07207834959806,12.98275389405251,3.699125337853702,17.198123239225936,-1.0094783033992414,4.846802090865573,4.775950443936623,18.044335660180213,5.227907400028252,-0.018659170214845852,1.0521752773945716,2.9932713117002967,1.997287311357185,3.3054920637290897,-0.5197408867122094,13.182175079720915,9.959401118253185,0.9887786769902089,147.4304057839447,14.120417250224637,1.3887382021041712,35.989474749944605,39.96509495351234,0.17583518979149865,21.004853611680794,0.014452061382785084,18.016136360360008,105.02891223352907,892.3885937504988,0.452324253333684,0.1598163223777551,22.26206590309919,17.932732169646027,3.6837483051870863,-1.918400177831375,1.4971386233324429
8.433874791414205,1.743081669312604,9.231340019683735,13.572262696825195,16.782685124200903,2.929422866206453,3.8641515463118763,0.18558552618249977,587.9560686774037,130.86984122929763,18.465355148615426,5.8787008029125225,1.909095829944117,15.565977830822368,9.216178776764412,1.4638845319604488,0.47803114306997374,6.836363333799035,10.452732256535244,1.7712154172318033,1.5480660981532504,8.9671321619612,3.6255864972720655,1.189405164429637,7.863701936162189,1.3219317384485478,-0.009265263320121283,1.0210152456612824,7.179641044169082,0.5936730815248189,19.427265966527763,2.932381925274834,42.30820896246472,7.607623242814743,-0.11129259170526817,-21.747019023289567,1.5321719241735519,3.54647044908495,59.11977836929228,33.55505583747365,-0.1288160972385929,17.462474253075833,1.9251772801247387,24.064792724457572,108.72825538247368,587.9560686774037,1.4447399541688355,-0.09847505765940306,34.469425154300374,20.641403006111602,0.4241818445407155,0.7462479095504485,0.5878267161435317
10.268798142269093,1.182301511971545,9.268374027806109,8.319980700396508,45.323544316938296,0.5624924102125017,7.83998635362326,0.7114684762981909,755.0838968405536,133.57836617360866,25.738739742107175,4.4061665925843005,3.1114815736307313,11.85632838456785,9.74595814894005,-0.4999432084333698,2.448590042868772,3.6884454897051366,6.217540330872498,-0.7048192737705612,8.160781429547562,12.295343025659307,17.75023943611303,-1.0920287611763784,30.035028011393756,11.41761335718323,-0.004600759276526769,1.0084646438076736,5.733651269702789,1.1655373178330297,1.2299221429843783,0.39469827065690133,13.237887050758562,13.853339364071926,5.495151576779232,2.923524840072167,14.41341950740414,4.591033527146706,25.179202029104207,36.4917382317168,0.09436946760247135,5.582481835599825,1.066125689251379,26.780671758196032,124.6374701750743,755.0838968405536,0.6300071921776274,0.0624236558582241,29.76269058530863,16.177756569511928,-0.048515937182568164,7.241560912556055,0.5699603409197513
6.031229696685591,1.835891766501539,4.2328089443587835,6.448728590456134,19.217887399804408,-0.303230299536732,3.3231257047657246,0.2397483489328311,742.2216748084811,157.48029931174102,20.373035546642864,5.863390920259189,3.052136164981466,6.343200306818696,-1.5240536115885295,3.0292507228608376,0.5646868720708571,17.006572184355818,12.221654129479546,2.5610155552004583,4.094413305719042,2.2292020792788776,21.600396570438352,0.1326817269275754,36.6765846813901,11.868947183582645,-0.0022846334804420354,1.0034093600540621,1.6310467463550058,-0.6528217128567527,16.18253945927475,2.538141505886963,10.520934002053277,13.941329773170635,-0.33346474239304147,5.569158276853704,26.08419516656194,2.452644129551758,44.74508646648124,32.84483658038655,-0.06913599602970301,16.82039495131256,2.9122845125859618,25.35504325951815,119.52059332369356,742.2216748084811,0.3767228189397983,-0.03939616071605787,38.41536615151211,27.421824985838025,10.80614556871394,0.16079835879855353,0.3674020642195922
13.349458794655169,0.2795370558426043,24.05355994739571,10.16611807444313,35.37719037169279,4.787035793923613,9.00181756171912,0.11023419497081313,830.0527129297892,162.4558311723773,26.293846362159012,5.870467777535797,-0.4375509171510974,15.932196547586388,18.105842033182114,2.069531064225029,2.437330712781692,1.2599601557360662,10.616265087289946,-0.582583855028124,3.084060984809466,10.6201654855793,0.8830521906979758,4.7699063198261475,42.3456298970264,5.101709780472485,-0.001163543268813001,3.4445872771738637,4.786017530323178,0.2658143297766414,14.656932315312456,0.4764208131702954,23.205028982477547,7.102555820098994,0.9734665597904825,18.1377179208001,7.825894453380577,4.549109531554049,63.715429478735544,43.67206238536727,0.05065178296288705,21.12802293458184,1.0984644633900107,21.665538023848537,105.28245914837913,830.0527129297892,-0.30620990628983225,0.02376277039980768,21.62317792981592,18.98080120573813,0.14275441374672004,0.5867958128093853,-0.1468763072006586
11.403031421975994,1.6897038796444903,5.669376718033561,4.087797247941955,43.12555080046653,2.946224107530341,5.658896377902722,0.05068567932651341,918.8378034992846,175.52649671282532,32.05756398245462,6.61466648867185,-0.20460991032368087,4.364167397898241,0.24559565029319685,5.067613190970729,3.277120631279194,14.896600967249535,14.851724410856367,-0.08990974503544348,5.829827721763306,23.30039046316842,17.910428269732872,-2.000138529381646,44.61276609107457,5.585070403193486,-0.6574359902936219,1.9574819453572587,2.3459665390413864,6.234066549566861,9.240517536873382,2.519823863029825,50.47077646123175,19.741249100525994,-0.11351643743288842,12.501883846285684,18.393283424787803,0.8808428016799379,30.374317763592387,53.318231525957394,-0.037110979134381425,6.27159435030595,0.9620663418160192,30.601529521403545,138.15750442269652,918.8378034992846,1.166098412311451,-0.014398529554505235,36.183756470563885,49.04348371510437,1.292580224081098,2.5871023306926872,0.061546870624216286
4.008014785155037,2.07742707341772,10.84063677714969,9.816108316375676,42.62878373365434,7.835973815339376,-0.5346960066839563,0.02330469325794879,737.8383150514301,143.77108651914858,23.436104549465213,5.158449289760403,2.2121885247238664,22.486761899700475,6.054050111843733,-0.5230212453014182,7.014746551290602,21.927771501768085,10.012092156310574,-0.01387716261233071,4.385683041717903,-0.7991684305341309,-10.002711359203973,0.242802483038398,14.968501280653653,14.822339223931202,1.0469957693314444,0.7613320706218241,4.623975068084667,-1.6610018248018363,14.198284013250882,4.71277088866402,9.979534391943035,4.938644321271724,-0.0461792123316168,15.560527944296103,15.657380965177333,3.5270188892132124,49.65911856277029,53.894549919087396,0.02719061560731888,25.26118080865891,2.949394711963585,54.927650379625355,92.4092811656031,737.8383150514301,1.7825962525959358,1.4655237802650465,40.225349205114675,37.16598471845937,2.1197678963475544,0.3994445273637053,-0.023472430986485875
23.135868470067386,4.621870311839508,8.933320036883647,5.683206029225714,39.458248373153765,1.1034430541599518,10.954094979447138,0.01071529170589527,857.479978470669,157.54124312802068,31.69886092170553,7.362498906589876,-0.20854442765280146,16.336994876586374,11.533664131556396,-0.6333494269243674,1.7545268586581706,-5.16711228022309,13.797551001727626,-0.0021419329491854456,1.1176945820232633,5.122018560324047,20.848248685847743,1.5658169326338627,22.0701251743409,6.047107498105321,1.0247566589854158,-0.31752441616725297,-2.0313767358867585,0.5075495871302155,8.573710944329433,13.75518909031648,5.315092155333911,12.129627919715077,-0.01817302218790212,7.087322102618906,16.04804112269526,7.730666748517405,47.18063569989462,56.958866802816225,1.7083683847631768,25.547325423970985,0.11795862425843673,19.287567598050643,150.62945592434986,857.479978470669,3.094270135090471,-0.7399457820795056,26.15628671128127,7.817246630209676,6.758448188396942,4.160124935208124,0.009387065286914988
4.432862252711151,5.971340293693962,7.749668885165233,6.178119442094864,52.54917111071052,9.08783594536163,18.501736449780694,0.004904023895060885,909.5722060920518,176.65115575510023,30.24502882200153,5.183705988497747,3.3639125546056268,22.559636999778704,8.22065873744897,-0.04079532495721146,4.576513754201305,23.327807628498523,18.944674096957574,1.3341552925211126,8.450509136019331,13.869269044348233,19.29486361241078,5.717654257004652,14.245548862719742,19.79909534428083,3.1139740785929195,7.199974982127712,7.103596705437074,2.942823951203449,22.0802502425619,-0.8446908780843736,23.462999131834223,13.025575683275866,1.100556588077516,8.527951512644483,17.550479735888782,6.066472499590902,45.3534539152673,73.44079798404852,1.3499991892357803,26.209062522454463,-0.04473920884858349,29.811462580385395,71.41500230802679,909.5722060920518,2.000945197089255,1.8984192573193435,48.607633857158326,1.185286238607099,-1.3821398953015382,-1.7677691618305884,-0.003754314098190302
23.684247146788195,6.885360621534582,27.976297562979738,11.719333174683829,41.24411268049403,8.219644706888932,6.278470337731754,0.002248366866862032,1117.220588834867,166.97095905876927,29.30583652766522,8.84536292939212,2.0164280849448866,14.945733228114424,14.381353638354241,6.1381101747917395,5.251227311539067,9.117050846472061,15.20507437420439,-0.28285910849661244,1.26305076279777,5.351924461682828,6.2995125183874965,0.6003677130002705,20.013837175858775,10.021426079486389,4.107645710759108,0.38322816908110946,1.3673090546838578,0.0013642891090074327,4.742966444333732,6.520024126895916,68.04458464998692,9.535213484177367,3.254951243854026,18.29631255575104,30.941299899806317,6.0025573531621985,67.89919303392914,90.55327851215675,-0.12039989890496106,28.46402556419744,1.9525074240315625,46.81670907736904,148.82269524556898,1117.220588834867,3.82865715693541,0.46440457950522596,54.35173946743486,12.726433281812495,7.5503087821298625,14.157338746111868,1.6119162829449456
18.3694813288772,9.668870548399266,8.213014694576632,19.338453343582447,47.36800738106271,9.258703189726116,2.4282709045989774,1.258775243178365,1135.0967620229483,243.97276038651,32.92196940763155,8.909183586995141,4.315203619367663,25.147626792679116,4.411606371072454,2.6027246377358217,11.727961037473214,13.370511201687858,19.981094374085522,6.627445430403407,4.596435443774852,15.865225578252275,24.2041499687457,3.765137529489781,30.745232698688806,29.668523201878084,-0.14817707147151182,5.626450255645126,5.068150483168965,3.181431237248497,21.42053235928132,6.120275299216218,30.45625512903071,40.07534990971842,-0.22090532248176742,19.245497692977636,8.1641842978857,6.000097835780827,26.585698736661293,103.58945605134345,0.9549742257874987,20.554186420284502,0.08602710264288027,15.120655391150525,100.23086898419967,1135.0967620229483,4.135197787549174,-0.13091449023179016,46.089112296661796,1.5629996182649957,0.8217540191870933,10.146400769627355,5.382713311779264
25.42709967931777,13.61351779690392,29.342428234107498,12.981815900423053,74.56302444859482,16.31867218995453,2.334470710996911,0.4017860161618684,1279.4304810676708,209.53257308888774,37.503195569046206,12.721944736840248,1.8392740364989868,13.25292559850401,34.806392819633146,-0.09553353770225104,0.22227678362861525,29.00799188791474,29.870204286504666,3.918330069885205,1.8251606991519422,18.038093554347682,19.639760517752087,7.692844166320648,21.415765354256816,25.313144616371133,-0.07355985125498096,10.131803092686663,6.81070688489949,-1.8592398979791842,9.50433220878025,3.1631315250201473,18.171969481683863,16.74717069850227,1.0204973756752864,22.332969268916525,53.286925325926106,6.00000375758273,47.04595427795629,103.65322409951608,1.0327046310065475,27.017531510082886,-0.030637324062502056,44.9813239348644,207.91895245948146,1279.4304810676708,2.970509402532546,0.07812213111426361,58.94472052166151,15.319816427637397,3.499339941960474,-0.9142714342126155,4.636999221459667
30.42499148700993,20.309742074906723,61.932403199846156,20.31798343825824,28.569634681268695,16.477799914812863,0.26094222265703304,0.8132373441806414,1625.2520301184582,312.90133566087854,32.41387324007621,11.345503278008744,1.9244686282935464,37.0010037678007,22.808825014712816,5.5340350145273955,8.887554506672402,14.956119784026841,31.129158466650118,1.3195399563131178,12.570359308379388,11.866724480892408,22.09588215198152,2.6036504067655657,19.34686249896191,13.247946896092557,1.013903688155037,8.238930807563387,7.3172327524140135,0.8984626370003036,39.99222567985288,1.3487425794323171,44.134269733338435,17.61805482424944,1.0079183835831713,21.32863073488975,10.666586418860323,9.140353538068133,39.340729151708956,108.51700738472748,0.11014211642118321,33.37888323932737,1.9469783682929132,39.21587871810016,252.6557851847987,1625.2520301184582,8.53325557284678,2.862705256628685,77.41302948519717,10.9451364897903,2.8716890579160226,4.868376668253082,3.7453433618667886
29.8074096859172,29.280251370480208,40.058403243963504,9.655604512750688,119.76377157039929,19.738678572638843,8.562749674985778,0.9136831566516931,1657.51834700434,320.3595784376145,38.32274192445744,11.446313047419459,4.2723311918367335,10.59200976487184,39.34772339029835,4.098844428753662,3.9681749753479574,27.53087220152223,49.621150618902185,4.5619786283380535,7.898152073169779,39.523218604802025,3.0729415452328332,4.1693374048980285,16.138841259307465,17.104258317569613,-0.04329891601011038,6.877830951779667,8.473050040700548,2.8519512703303906,42.835414307376304,2.129756917935048,55.854113001174454,20.444419732210974,1.0031898723560144,15.713530655004385,4.925087018444418,17.465090710605843,54.14379760873382,147.15919320126716,0.7832630336692211,18.336372625755175,2.9875722336482076,47.72863891704938,238.88719813521806,1657.51834700434,5.715263589320651,-1.4197622707217883,50.890507450204446,7.002500899262358,4.230134232364096,8.602099353991926,0.8798044023867493
38.326966598168035,32.92753794058275,58.754712036596125,21.843505606245337,88.05492153096536,33.6856850422249,13.823500148730341,0.9606090548188838,2278.969569072138,480.49539385145346,51.701384605127295,12.311592593730884,5.2842173394349174,50.34195547087306,48.182698603322436,13.214185956559799,5.179829718080502,17.359191251386854,37.400085616755156,0.08704101853289414,18.808070319059656,33.673744620555965,58.55194882806478,11.955903871160967,32.1478337910428,27.271435259418446,1.028587695035384,4.509389235242235,14.149068185123703,1.586017871133722,22.153805576369745,13.24741697753339,63.52396030570112,42.972643437974284,-0.10813185379310591,22.05016732239912,23.11824868148692,1.5739171921644308,18.594287644668967,146.10736037408594,0.2943160996402755,50.52188964680312,1.0679531976034493,40.96082072866151,407.4673434132728,2278.969569072138,8.075327972539629,0.8348193246193124,53.9117664671373,19.690699445066905,7.526484203062972,20.88958301607866,0.4489747199222258
58.774967741127426,38.464344652948625,168.66714585541524,24.890656764415006,382.62687314478353,57.03398579984792,3.407076197633812,0.9818866898852591,3212.086689621031,470.1854510093568,101.80392161325253,13.991060536629865,3.977840348807108,61.412684492651906,67.12418813394126,14.812049212546764,11.730385249109087,42.27867824895315,71.82560514740585,4.856789934785624,18.139968829987776,31.03211574373746,15.438699931117725,23.000918060178503,40.50238484068217,47.401529411427816,5.2151617541126045,4.80226357792486,27.069786608513898,2.20176186718912,53.17988295038122,7.938961180830956,109.48597927217163,49.72915116734988,2.1788815889784856,27.96959852846698,42.13461668901468,13.675107362449753,114.20554135018057,147.2839714559565,1.511662831476426,53.41342014373571,1.942129542727856,51.3603118392768,425.84518159577846,3212.086689621031,6.102614478848503,2.3996449639448283,111.06748347023586,17.69692454561622,15.233862508754413,21.840249465989345,4.443560768502265
74.82877202751516,19.772359305365278,188.11220375858375,13.43678403493553,415.0245234208652,114.18586562233513,26.527620774981774,1.6201869332514627,3833.304583828576,706.652389059681,126.22488924501755,24.990601943062455,12.064868759235779,80.87129371404987,118.71849210844522,14.651923523305062,20.523988624032782,3.9328232459564525,101.44257585740172,1.4685535979051376,31.28008107492622,42.95199640639598,78.89138406938599,12.59959231208908,48.63591229119609,39.79414049350889,3.006175000916085,3.699371883110064,28.26466888132402,1.902020922582534,25.649319611858058,13.429950280765745,147.96902215623942,93.88820849575562,7.631414778360783,66.76344777885252,37.53167060377635,20.521265583714627,75.97710152958165,121.83669438932797,0.6332441690085302,66.7437074640352,1.0532071042258613,59.64959759639947,429.40415815708667,3833.304583828576,5.930795829031722,6.116881213882086,88.82341861374472,38.42300069961756,6.506108879443334,12.056100232215531,8.465699643299493
69.83947921923846,13.552103463642297,219.94780921024437,76.66525821882186,522.142877431924,147.7664974061306,37.27465906200632,1.1965526894711456,4891.325107124237,723.1181551875734,150.05212390040174,23.732551824461567,8.03778138608539,122.02669227593856,96.29284539875427,33.99335169767487,28.394055239986,55.871691685041085,117.97150185558225,24.555250807289543,16.700414615292352,88.25839231893187,109.84379627167321,29.641710608716814,48.1234214380018,66.42933055323343,6.1507402931216575,8.759759554183569,45.53815692213811,0.4004848887426431,89.42932211725167,24.376273485118624,216.90325483238223,162.63923494746263,3.822914892352468,84.17880366298387,32.266568606541966,7.719367131643189,147.6007274069321,117.94924261655846,2.1169639681891987,84.9188426067122,1.9489318945398773,80.79060763186217,590.0931210950811,4891.325107124237,10.59667172224472,1.4485538967992235,131.87307279855102,38.388366219931974,14.388500977987356,44.78749069945144,20.695039614249648
86.97529670896708,15.031410547984816,304.04954569407096,0.9553108048014245,880.5974533986918,125.50696429588598,65.0420019930365,1.718669736457037,6891.600001981553,758.4326766234614,212.66105936761437,21.91879081520026,20.72064920447261,205.91212397750243,184.74407933649826,53.581920679565016,40.49580557105913,62.3821799184678,121.53621461175578,6.661226201898623,80.58431442585179,118.04115543254775,113.33880364648827,39.29404552681152,83.70518391035533,97.43575681080823,18.702745302766015,8.280140666187137,46.38967118714978,11.171715551517565,134.00570403276345,51.4351201765003,463.50358169519575,222.7326829390807,18.453152622474704,156.69431838006665,91.6561702361232,20.287033731879514,246.46329621054156,97.56638201603587,6.233226201409773,146.12127682142952,6.844197280071945,107.19101194259594,747.8009014191823,6891.600001981553,15.898359489714675,3.9150317691220957,143.8674361209297,87.08439249031618,17.245734126868296,72.14068494102935,24.772772221449074
113.44523608594072,14.085424566851882,427.82813615516255,55.949655935399186,925.6780918136253,159.0262432009415,80.93028929266045,6.888544563372475,8279.206004321386,768.528135560832,255.1397818619889,29.479086501251984,51.05870520598615,215.62456086994948,193.23083310961093,43.07636751983392,36.40550060612332,39.57458475024728,166.804726546579,16.52839449993913,71.22292613647313,181.12735421579896,233.24846980017625,55.73058410835799,72.62966677717259,165.7934193663326,20.567525282375954,11.85577433055542,95.07006751646294,18.178556511539337,164.97036503568103,100.97136100742321,630.2457109357408,338.3036095540529,10.923876334848817,176.00018687752123,49.81332061490588,57.941777875636674,297.13202732315983,59.09003197176206,5.828473827242548,190.15670843421137,6.083061601020642,178.3940562439373,865.137825386786,8279.206004321386,17.893283759255752,9.632796649434455,163.5904430598544,89.35074122619768,20.545761092495713,117.51639497345826,43.20965761479038
148.1158668483861,4.899080775835881,718.1242481988753,51.615429798236136,1265.8630128353036,254.7027402890495,135.46787687987728,16.349814350724937,12034.991129956661,867.447663911105,428.6430157023666,24.037916253610966,72.9740293239957,287.03273034355203,312.7639865167596,53.74408423722942,45.21457156259045,113.50841308446226,179.97709951361256,21.868006086075525,131.76742216028867,260.655765746604,290.18286919338397,94.79676440152001,101.4608609138796,159.54254682703214,38.399134496370884,13.768176414955315,136.2136488915476,35.07781697261737,338.38988700497765,187.4518003316761,918.0248726302511,424.5007908812979,16.07822341984811,269.85088727477046,100.65812530037152,46.71303449403749,443.0072219646928,56.06842557714037,21.643424835956033,297.4258364748468,12.686409472619275,172.77229067349325,1314.0464557439552,12034.991129956661,22.636886825007263,6.992363919234397,262.50168080685324,119.20094213247938,35.737531018817165,134.16577309920328,48.56659906886921
298.0108925890934,4.613551582510623,1141.7476084702812,112.66675668541228,2402.468547800356,260.56542193227983,117.27788221095938,20.101113355190606,19307.003249440346,1035.9631918261102,770.0230648456791,27.09761440176872,126.88119805781923,626.0617184198459,442.59720224670764,111.80397490226554,109.04670914760862,153.21621250548924,340.0961744405692,15.03849518321558,236.69942834419842,386.6840904062694,274.1875277735197,127.71899896435141,228.1337504919394,257.3570672220397,84.89973398925397,74.32568462140821,176.09767925395724,46.28302304751186,522.3790113035716,266.3307380572405,1097.8618945121734,871.7637538070596,26.582543208560605,521.5275642106587,189.21242691125929,135.95589608672591,857.2897985686443,58.40517185428737,19.097061976509373,517.1234640626091,32.65452934212721,370.2919127198912,1750.8010809164393,19307.003249440346,56.556143320770786,14.428182129918357,507.89636509161664,172.90343492530462,92.60973211434774,226.18800786281014,30.829063581245396
317.9838043788604,4.6582407273096145,1110.2949814589422,219.36264506196858,1445.1519722785847,400.0381421088116,217.61439236487638,50.58746796397939,25281.908658488173,1484.5609537822118,1442.027734050015,30.40977567476075,179.56079082199903,580.2293151237088,677.769674922673,105.26859479388011,90.88196182934702,329.30556182479415,393.81507767876843,61.82564016751679,385.47614799371917,741.2670432049939,850.8431451529198,236.5604398580382,347.9489327802206,440.81960240368863,130.44865879652815,53.11993245861564,195.58844820977086,55.19785365492905,799.5478774101055,232.94218024042982,1652.6276255587616,1211.6689885476464,54.80250165052655,743.0538503011915,123.28632679438218,173.50717954636974,994.6149216451986,61.94240119135333,36.44319100585222,841.9933869912917,50.41145604552924,646.7545704535701,2115.230197502983,25281.908658488173,83.56719432368385,20.495909714469008,916.9365805445532,234.55480658630094,170.28572515303517,364.81966824018633,58.38052728617485
355.56355520460465,4.522237082814315,735.1088537509588,243.0779561897389,1398.3673526605937,305.89744101051474,166.21326566273834,54.646920776676474,16630.656226695683,1457.2311726219205,718.6796742447181,37.19640637751302,162.7740276626984,455.79518239648667,466.7078019342521,91.65916623191933,93.32150035809782,282.900100775473,281.0010937319949,62.17582490974271,296.8571317389031,653.3773691452992,388.076568224417,153.7457842842632,252.89713222326606,331.8878625868101,139.1334337418675,50.48954852017927,112.93726211948216,40.67414101401537,622.9330790686172,226.7224159606609,1262.9701667408156,657.9532497494922,54.13318780421188,552.860827505473,196.46379507508976,140.19792796596917,632.82100239751,53.75764291029324,52.67513060459493,419.35502248656746,55.78261444073223,364.08143833568016,2081.1972769662484,16630.656226695683,62.53808039433388,12.239022810599664,383.83222713110774,214.41901837383122,169.2954307249747,208.37266756168444,81.09769060987412
194.37737664314616,5.9304826915796856,666.518681331283,215.10310811426694,751.8602603439411,280.72512040784875,156.64517178285837,37.75470733426565,14490.019737747238,957.0889894590987,635.3404349151958,27.038616538714397,93.76249061996421,301.55914318040243,404.6239625069482,78.45091882238745,103.70703393997204,213.5922671837913,245.882134508144,44.2859954372194,217.07315933730698,422.0802562547997,332.69996994084295,158.09844332545705,221.56231159697825,302.99608920261863,112.94768389701215,56.31835010193208,156.43234085701803,50.12985335029326,560.505039081042,117.18032389932145,872.391681062413,493.1384840165368,31.38800784659206,532.7020146223232,225.3849238392974,99.59896901248749,541.8448105468995,58.91982053876179,33.75497195727049,234.64132972826894,30.72085438320447,433.56695693824906,1887.557998786222,14490.019737747238,46.21002455889374,29.739258945891468,450.77752928267097,146.3889753996962,126.46131469943512,275.204313636085,60.66058846592382
166.40454630835205,8.452141756305767,685.4641901176302,231.80259097743755,1311.7617617700978,176.75246835858042,119.08857900274695,34.059416911781554,11970.987781202453,869.7467956700466,462.6343887082572,24.782257885546407,81.98013418089681,342.3540457094927,384.44583219057824,100.5724189089826,53.73256500923008,184.81443572247545,109.27287257317258,37.37778787096251,185.85646923938899,341.04594121490146,335.92209340481367,102.65816851131336,134.13724783256598,243.06253222545513,72.33514840266429,31.702673840683968,36.85578510701767,17.86684587465409,403.52532270059794,98.53715463226975,741.4019147623728,244.8019146683916,41.36654286508942,489.5801642128575,273.69851434628333,67.40358788178585,400.2297353992051,52.53995141835622,34.1124099190359,182.90920703758928,13.752974484691972,294.4327662515997,1540.9745133153442,11970.987781202453,26.317818729102385,22.781445640999035,255.89384364872745,135.9980613007525,150.53083461527913,130.47516980518813,21.232464556283215
135.89578582225138,7.548864123542114,557.0009649457096,294.1573967145064,308.074970134908,229.71024812277744,160.72099217799644,29.029286737945842,13366.771099451567,814.893306112481,451.8982706023578,29.245199286811697,62.80680997899659,220.96652964184017,451.02942299044605,66.21604010312782,70.52700821749055,290.3738336038024,134.74750629278648,31.70272404039064,161.13762575880983,405.927468760599,420.26811045459385,155.4291852688915,162.74346055352737,275.5375570072304,119.03193315697915,47.86178860708456,70.22307741604821,25.16262612154023,324.5714250838186,98.51759998705482,965.8914124520011,332.39340211286964,48.09992809060162,617.6740614850714,396.0990588458748,104.81484753479467,404.51279858361454,51.066771568951836,25.69111573071241,226.45871782787216,27.23363344363552,289.21581047030134,2072.8885716635496,13366.771099451567,38.784966543915516,21.43985656259568,273.43354171757323,109.39622061097609,131.84629062895124,122.13826397617808,40.210110310745605
94.4571849608382,7.4869117117833675,137.3067256762239,224.70208429606012,611.425595765224,190.33024413186772,101.17008030919624,25.435971931351315,11039.511488639666,669.8301679869587,335.9248645728685,12.466335940091938,68.97330685758962,299.0825979598638,463.64027083292694,122.762875280996,127.53871389506291,189.58184462655493,117.76034821179124,74.08575751450775,82.55033453823495,485.31945663579,539.7091969710202,152.7476839532161,96.16885444184268,314.4183334789911,82.81970999403268,47.358531111517614,52.45148168293491,44.505497954191476,333.06414862748943,65.83541834468666,670.5024627726831,224.93124034974366,41.330429355856765,596.9985898763498,454.3394215359859,76.33584719808866,477.2689115691037,38.24666286500455,17.13768127651473,151.9202393185197,22.79685074372685,188.92690880527704,1763.4670397003067,11039.511488639666,27.42622952762288,16.550350775387063,151.5781782216459,97.31773476198697,125.87769276663954,191.4841054940981,39.22990259276727
113.55394493907706,11.169678025442531,176.27047897265504,314.30247145301166,367.2858668579951,194.11869223786601,146.41609146858605,24.86067260880548,11756.588383392216,871.9016582970784,300.65551040647966,18.028704704920088,58.27893447274992,217.5579247470668,507.8530037007696,115.67352013719197,144.53546289627917,333.9446571700638,89.23359798305256,82.09919237933978,124.8561151005573,404.65523405951626,776.5019137054599,171.26013885514755,77.07321048797917,363.80143825931117,80.74644674445423,55.41608767522859,23.498795561664465,43.435117792053454,319.50176108153136,79.42594630793195,763.5051031886107,152.1032251448282,30.62036680666705,613.9821060423792,483.83926345068375,88.41496228061327,394.4770986170989,59.53421083112791,20.364009459695808,121.5893455884749,17.518014360419446,207.93895960545572,1372.4407942684777,11756.588383392216,15.235723703912617,21.824981337232114,186.7276620270778,69.69583354324557,132.46832047832316,179.87398514800321,34.058381501946364
121.38671199671658,2.544918728231984,226.15710640863077,242.8925253791938,292.9679134572804,126.04489292216167,114.99378455371077,33.26523127520246,10699.256168005719,629.220905339084,250.19018318447945,12.688058128097095,57.526302771162115,288.3588655595615,400.12345248764996,130.59793818684702,99.89674366564248,258.5668724099697,83.15425047234868,89.59162732397695,123.02199226811038,586.7050747874472,812.1812840516067,177.53750294078128,95.89768198119044,357.8186761187124,15.75867661712827,54.57431916647769,62.524593556087154,39.53134249505985,387.57109753128236,70.62604135192365,802.1367263211995,189.5933156984717,28.549387189526144,612.5610217477426,344.31517763474335,52.6769394451044,550.2966441993681,55.473520280273455,28.327891954956414,133.40788914657813,26.307103880217873,184.54677597540862,978.4691683951621,10699.256168005719,19.25976164546753,19.990129853443936,195.91965917065443,68.04865343049228,198.5552963547067,224.23305501223433,42.65320372182651
77.45691773251937,3.4363126751515,189.07389790757722,281.97501973685166,295.0327859403234,123.72995950613989,181.4731886953383,28.00446934942793,10853.738102182517,603.6712943292674,179.3789537005915,14.110653367154171,95.25228647555791,348.5846703139362,416.23520055709105,175.00953664481275,75.130847683836,287.70946291614064,97.43852221411932,64.32759801908594,115.15471340258206,403.484441975178,1109.221827249949,151.53497590402608,43.826063711973156,501.2810460448652,18.658311838050416,89.85491048990079,36.04985797483131,28.541428089972808,266.54147551798405,54.26674489517468,796.0025065953606,147.76681452885734,23.70355785562917,675.7351855280868,42.390628957288854,101.9166192610535,461.7964930776314,52.381185376078186,33.76883381146373,100.64975465056027,43.93065074505634,211.0861567171948,989.8760679144425,10853.738102182517,8.390737741800375,28.85985862443265,210.95472445553915,103.75168627198052,152.9607611438241,215.07572384887555,29.461560252891857
82.77687793251738,10.918118090167324,172.994047392152,278.2860236768192,239.78442022472473,84.5510309112424,225.15888298266714,29.371421139881516,10777.650021652924,513.3461954045443,205.67660151691143,15.39925146876075,57.92566754693469,324.76724487695446,370.6990312165796,193.65467766935691,91.09422009113088,276.63084918091084,70.499065460388,61.806191836873,211.63472201283884,554.2699103898252,1014.4418426106232,194.12639875985704,68.90533967711652,436.6010900030226,26.051693347337977,99.19568920440986,53.71245880693335,45.18408039932554,366.64347054621237,61.89846906307391,760.4110903032704,164.93409325994293,23.32777143582143,633.2488013144603,207.08118145957673,69.34978470495264,589.6933291671827,45.52538896999728,28.038560630279598,109.5333884531779,47.175649426336605,247.05447793484012,691.4501802909703,10777.650021652924,16.549774914381764,29.270348730752126,221.46106223558678,69.41305532978437,188.64495870792646,193.55227929391242,26.357288865402193
85.44521761957444,5.444257098552951,80.96907175272189,236.85263964395574,171.95202992997054,74.64457473490953,158.63922563589432,29.077753592561248,8387.957279624201,536.4534631690334,147.01212134900035,11.172451538697961,70.2952860567715,216.88750414830486,435.8219790955236,177.91040211622013,81.26055502977702,142.29716832841692,49.79534870434517,45.38407149657297,147.73144428225265,325.49251705678154,735.4329359163537,169.6793607123673,59.512554608071,392.0323872731473,27.731937793352046,86.37074819069882,38.65199772745778,26.4553752605502,244.74356556742813,84.2492663596129,481.62149978282196,118.41173289773084,20.51159806439107,617.1979429507443,177.65345668502462,80.36529229786083,468.32046268812525,49.819047296996985,22.825177894621877,91.27761917166343,36.24741137136182,153.2526728242087,590.1866207909599,8387.957279624201,13.93036660382532,29.937889469385674,185.72971779783137,48.272113742906456,131.72668797505602,195.4475014054508,17.174192457507637
59.397006703891456,8.385172224791644,172.37154289158252,172.3970241324673,191.09012061931463,97.07355107580199,81.62432937644539,19.34745005248607,6165.60822758388,509.7814808673757,91.8725988599346,15.853673751130419,67.77850712035716,266.4584536081484,177.13543208699593,80.99100069261956,100.36355681003627,138.45444218988254,36.61395190613949,27.005148251026213,96.02545979771772,286.8113534843204,447.357121422498,158.93934330324473,53.140517152501126,217.0170963699777,35.13012892031496,65.48402370608001,23.76766302736238,43.78106454775738,207.26441650732045,29.730327862842618,292.7896183846947,83.38342235679741,29.375111429689497,258.71031587482673,117.01979425252611,61.99107877383651,308.94469712157957,59.724634825405346,21.353485895223997,65.63840387741716,43.43225041682314,124.03366681678236,498.9789727065492,6165.60822758388,12.949552644169852,21.614328427765948,115.14113777482905,92.60483296708766,93.57075661782066,176.00657611689817,12.457483766451691
73.39453280265383,10.119354211696862,52.36004271358135,72.97203611549516,162.50000160795895,97.62612646608761,74.38507358575063,18.13820369913443,5555.178591717148,394.22393806879757,77.28959098430008,9.568222616040202,52.685614148589146,168.0434967545567,131.31360453867887,81.50894227091324,53.05059930343744,123.66897834956674,31.734611988577328,22.912105130074075,63.15347737512875,191.95533862966556,526.8767037124214,117.07592187150354,41.89332832292404,153.0611488550432,19.62824356029432,56.56982527434889,45.659751436194185,15.258278557122438,170.29759781879284,62.97911860063671,316.2193266246901,82.53298755024426,20.554105829315308,258.5924158559497,73.67711420995253,112.74945894829719,363.17054560102406,52.97203859093328,13.73820286708563,65.79104921091788,60.95280911001178,130.14776514806644,323.03872318983383,5555.178591717148,10.865970562308588,17.4781178388053,145.38676746829273,81.62065668015498,76.46513067558179,106.26047544387194,6.411156177175506
56.19523867046316,8.163740402092413,126.84149581636647,78.36564672531085,190.95561664173425,63.28300873903204,88.11243049029518,15.223562356748893,5418.423020322793,399.290068363543,60.79796453193564,8.460968734796923,42.325496843892765,218.21833964374636,186.62962435118143,87.44869346191145,70.6789092418146,117.6640516861928,52.016590484193635,21.59646435164274,83.20816086969029,229.02284671575626,518.9476473300937,119.63036548545543,47.21809391293417,195.51951088117795,29.35894807320589,47.54504196092536,16.872665840836866,15.757868157710012,192.84625906463586,26.770843793667247,413.48319591517196,90.30328824014343,29.78691544961555,215.47861957986424,93.36581387326223,46.83801222363202,211.37794691781,48.456475846419615,13.4008304443834,61.671744417260065,31.456890521221602,56.938660545220216,372.13473960113754,5418.423020322793,11.016514187354893,13.966514649430836,95.79287078859707,47.918542594881046,69.51278465580991,123.149674519591,10.650144865956664
34.69735376670853,7.046442003317793,42.92781763020114,52.06656644362977,120.99505095386831,44.29452827252132,87.51641096002734,18.705156490650378,4753.672327082843,283.0964946711094,59.332391030096964,8.97471504360989,27.43303849709586,154.8995798527315,156.8318387017613,77.70077032638741,31.839563680012077,93.08396756874312,25.663402629166242,24.104251798327077,90.81978934771288,226.1671537944813,410.08776374845354,105.930137492175,54.72648080744253,123.62118088328698,4.671897687297644,53.474209172319696,42.344970422863426,15.571102652366555,160.49218851398456,42.94184970364794,424.10541915033536,71.49153721804251,21.26037183570317,265.1061325189733,47.30160996835113,42.99866626406005,280.26792910217546,41.17617288009208,16.152304406274173,35.61315350046557,36.80959144441503,133.61622546060843,264.9230019447245,4753.672327082843,4.610786233452499,6.914564172984848,182.90445491263606,36.65800085216867,67.58919574858436,123.00856361266072,7.48551338501454
15.091101853770336,4.280837439952276,113.90704083124704,42.89097350932937,218.72732863276588,54.67944214757597,55.85802971922042,10.708046428579468,3447.0011585767697,330.9958805395757,56.43823745164889,10.755669001153489,7.123360040127301,205.87841335591253,78.47501332627573,52.8277508057148,24.614034644632376,51.31977689706163,31.238035775374296,12.182526673116477,33.99876619511383,144.46978291207608,258.6077711166161,61.98565759547016,33.860877261768124,90.8675108597688,8.181457338828945,42.723895780093514,14.460071943275805,12.940672657765097,119.54151112865141,9.865219154126413,336.76642237733324,47.86656644618591,16.265428959143183,168.6218144829362,22.782410733247136,22.753479918118998,149.52434575613938,42.40238476938744,14.223411450093845,76.9414468878149,12.401563896851426,38.150801165769494,276.4925187497652,3447.0011585767697,0.7086304182055638,21.35535086074769,79.63902401509185,40.056437727902484,9.232437418704034,53.145938419310475,6.326543625925114
17.91363914962909,2.067550961188796,52.61242664580637,23.924585907110107,116.81209192851358,21.44315532930159,54.22922414634425,6.475093489553294,2340.1149394234462,212.23402752527244,36.65766758816298,7.218478813705092,13.535734280099762,55.28560907560659,36.00675906267884,47.39240492660635,45.53944732003968,41.247462369044605,21.67266495790147,16.315158455132757,40.55636498388094,100.35470454915902,71.52791009300839,39.69821033793221,20.745000664500957,71.9274236637986,5.308350903782617,21.927940241753877,29.650545842916273,11.218177124913566,105.9680603790214,13.64824322996684,119.02908084867644,12.265580439598974,16.687663846125403,75.36569850577526,29.581083042897063,30.90824539059268,142.31176849718454,38.02938828513856,11.269646528667637,19.207463589547576,21.85197084647725,78.50835412257823,239.91413394686242,2340.1149394234462,3.174740359538612,3.360429929937812,83.52002956787427,20.214190353672507,13.992050669732183,60.38982715066837,2.7329264325102263
