Week,Flu,Influenza,Influenza A virus,Symptoms of influenza,Influenza symptoms,Type A influenza,Flu treatment,Influenza vaccine,Cough
2015-07-01,80.0,2439.8571428571427,604.1428571428571,2.0,1.1428571428571428,0.5714285714285714,2.4285714285714284,308.7142857142857,837.1428571428571
2015-07-08,84.42857142857143,2398.4285714285716,488.2857142857143,1.2857142857142858,2.2857142857142856,1.0,2.7142857142857144,300.2857142857143,819.1428571428571
2015-07-15,70.71428571428571,2259.0,427.42857142857144,1.7142857142857142,1.7142857142857142,1.4285714285714286,2.2857142857142856,284.2857142857143,755.7142857142857
2015-07-22,78.28571428571429,2443.714285714286,470.85714285714283,2.142857142857143,1.0,0.42857142857142855,4.285714285714286,306.85714285714283,775.4285714285714
2015-07-29,84.85714285714286,2444.1428571428573,470.7142857142857,1.4285714285714286,2.5714285714285716,0.2857142857142857,2.4285714285714284,301.2857142857143,749.0
2015-08-05,85.42857142857143,2425.4285714285716,518.2857142857143,2.857142857142857,1.8571428571428572,1.2857142857142858,2.7142857142857144,326.85714285714283,767.5714285714286
2015-08-12,81.71428571428571,2686.5714285714284,643.8571428571429,1.7142857142857142,0.5714285714285714,1.4285714285714286,3.5714285714285716,359.57142857142856,817.4285714285714
2015-08-19,91.85714285714286,2817.5714285714284,734.1428571428571,2.0,0.7142857142857143,0.8571428571428571,5.714285714285714,411.2857142857143,835.0
2015-08-26,94.28571428571429,2775.4285714285716,748.8571428571429,2.2857142857142856,1.4285714285714286,1.7142857142857142,5.0,456.7142857142857,792.7142857142857
2015-09-02,106.71428571428571,2941.0,717.7142857142857,2.5714285714285716,1.5714285714285714,1.4285714285714286,7.428571428571429,544.5714285714286,858.5714285714286
2015-09-09,102.71428571428571,3200.4285714285716,760.4285714285714,3.5714285714285716,1.2857142857142858,0.8571428571428571,4.714285714285714,640.7142857142857,897.1428571428571
2015-09-16,115.28571428571429,3816.5714285714284,633.0,2.857142857142857,0.8571428571428571,1.0,6.571428571428571,770.5714285714286,881.7142857142857
2015-09-23,116.0,3345.285714285714,631.4285714285714,1.4285714285714286,0.8571428571428571,0.14285714285714285,1.5714285714285714,967.5714285714286,851.0
2015-09-30,128.28571428571428,3708.714285714286,668.4285714285714,1.7142857142857142,6.285714285714286,0.14285714285714285,1.8571428571428572,1310.7142857142858,906.4285714285714
2015-10-07,130.57142857142858,3825.714285714286,634.7142857142857,1.4285714285714286,1.7142857142857142,0.0,0.5714285714285714,1496.4285714285713,945.2857142857143
2015-10-14,134.42857142857142,3903.8571428571427,674.8571428571429,0.5714285714285714,1.5714285714285714,0.0,1.5714285714285714,1427.7142857142858,935.4285714285714
2015-10-21,131.57142857142858,3831.8571428571427,653.8571428571429,1.4285714285714286,2.857142857142857,0.0,1.0,1441.142857142857,976.5714285714286
2015-10-28,118.42857142857143,3779.1428571428573,581.4285714285714,1.1428571428571428,2.0,0.0,0.8571428571428571,1334.2857142857142,1047.4285714285713
2015-11-04,127.28571428571429,4016.1428571428573,586.4285714285714,1.4285714285714286,2.2857142857142856,0.7142857142857143,0.2857142857142857,1296.2857142857142,1049.7142857142858
2015-11-11,144.0,3961.1428571428573,624.1428571428571,0.7142857142857143,3.5714285714285716,0.0,0.2857142857142857,1125.142857142857,1031.4285714285713
2015-11-18,126.14285714285714,4017.8571428571427,569.8571428571429,1.2857142857142858,2.2857142857142856,0.2857142857142857,0.5714285714285714,1044.142857142857,1125.5714285714287
2015-11-25,123.85714285714286,3828.1428571428573,523.8571428571429,1.5714285714285714,1.0,0.42857142857142855,0.5714285714285714,867.2857142857143,1144.0
2015-12-02,117.71428571428571,4081.285714285714,635.5714285714286,0.5714285714285714,2.5714285714285716,0.2857142857142857,0.2857142857142857,842.7142857142857,1097.2857142857142
2015-12-09,119.28571428571429,3987.1428571428573,666.1428571428571,0.7142857142857143,2.0,0.0,0.8571428571428571,721.0,1109.7142857142858
2015-12-16,108.42857142857143,3701.285714285714,595.1428571428571,1.1428571428571428,2.2857142857142856,0.14285714285714285,1.4285714285714286,580.7142857142857,1085.7142857142858
2015-12-23,107.85714285714286,3370.5714285714284,562.5714285714286,0.2857142857142857,0.8571428571428571,0.0,0.7142857142857143,458.14285714285717,1068.142857142857
2015-12-30,126.14285714285714,4473.857142857143,711.8571428571429,1.0,1.5714285714285714,0.14285714285714285,0.8571428571428571,477.85714285714283,1215.7142857142858
2016-01-06,149.28571428571428,4641.571428571428,912.4285714285714,0.8571428571428571,2.0,0.0,0.5714285714285714,560.1428571428571,1323.0
2016-01-13,129.28571428571428,4851.0,1163.2857142857142,0.42857142857142855,3.7142857142857144,0.14285714285714285,2.4285714285714284,561.8571428571429,1371.0
2016-01-20,146.14285714285714,5284.285714285715,1359.4285714285713,1.8571428571428572,1.2857142857142858,0.14285714285714285,1.2857142857142858,597.0,1303.5714285714287
2016-01-27,144.0,5718.0,1820.142857142857,2.0,1.4285714285714286,0.2857142857142857,1.5714285714285714,580.4285714285714,1184.5714285714287
2016-02-03,134.57142857142858,5884.428571428572,2008.4285714285713,1.5714285714285714,2.142857142857143,0.8571428571428571,0.5714285714285714,597.2857142857143,1185.7142857142858
2016-02-10,144.71428571428572,5831.714285714285,2042.5714285714287,1.1428571428571428,1.0,0.14285714285714285,1.1428571428571428,533.5714285714286,1164.4285714285713
2016-02-17,166.71428571428572,6658.571428571428,2594.714285714286,1.4285714285714286,3.0,0.2857142857142857,1.5714285714285714,591.2857142857143,1228.7142857142858
2016-02-24,160.28571428571428,6912.285714285715,2826.714285714286,1.5714285714285714,3.5714285714285716,0.42857142857142855,1.1428571428571428,602.7142857142857,1101.857142857143
2016-03-02,164.42857142857142,6605.857142857143,2818.714285714286,1.4285714285714286,1.2857142857142858,0.2857142857142857,0.42857142857142855,528.5714285714286,1040.2857142857142
2016-03-09,141.57142857142858,6202.428571428572,2833.285714285714,1.1428571428571428,2.857142857142857,0.2857142857142857,0.7142857142857143,520.5714285714286,1014.8571428571429
2016-03-16,116.14285714285714,5440.857142857143,2104.1428571428573,0.42857142857142855,4.142857142857143,0.2857142857142857,0.7142857142857143,503.42857142857144,905.7142857142857
2016-03-23,112.14285714285714,4737.571428571428,1833.5714285714287,0.0,1.8571428571428572,0.2857142857142857,0.5714285714285714,487.7142857142857,859.2857142857143
2016-03-30,109.0,4537.285714285715,1506.7142857142858,0.7142857142857143,4.0,0.42857142857142855,0.42857142857142855,528.1428571428571,845.5714285714286
2016-04-06,106.28571428571429,4530.714285714285,1292.0,1.8571428571428572,2.857142857142857,0.0,0.7142857142857143,591.7142857142857,816.8571428571429
2016-04-13,93.85714285714286,4416.0,1107.7142857142858,0.2857142857142857,2.2857142857142856,0.2857142857142857,0.5714285714285714,540.0,741.5714285714286
2016-04-20,479.42857142857144,8489.142857142857,909.1428571428571,2.0,2.7142857142857144,0.14285714285714285,0.8571428571428571,571.4285714285714,762.2857142857143
2016-04-27,89.0,4364.142857142857,677.8571428571429,0.7142857142857143,1.1428571428571428,0.2857142857142857,0.8571428571428571,505.57142857142856,702.4285714285714
2016-05-04,86.85714285714286,3620.1428571428573,622.1428571428571,0.2857142857142857,1.8571428571428572,0.2857142857142857,0.5714285714285714,459.0,736.2857142857143
2016-05-11,90.14285714285714,3440.4285714285716,595.2857142857143,1.8571428571428572,1.7142857142857142,0.14285714285714285,0.7142857142857143,467.7142857142857,740.2857142857143
2016-05-18,81.28571428571429,3330.1428571428573,503.14285714285717,0.42857142857142855,0.8571428571428571,0.14285714285714285,0.14285714285714285,465.0,757.5714285714286
2016-05-25,77.85714285714286,3010.4285714285716,456.2857142857143,1.5714285714285714,1.2857142857142858,0.0,0.14285714285714285,383.2857142857143,724.2857142857143
2016-06-01,71.71428571428571,2861.8571428571427,447.85714285714283,0.2857142857142857,0.5714285714285714,0.0,1.0,363.2857142857143,725.5714285714286
2016-06-08,67.14285714285714,2669.0,457.0,0.7142857142857143,0.42857142857142855,0.0,0.14285714285714285,362.2857142857143,694.2857142857143
2016-06-15,70.28571428571429,2569.285714285714,429.42857142857144,0.2857142857142857,1.2857142857142858,0.0,1.0,333.42857142857144,715.1428571428571
2016-06-22,60.142857142857146,2543.1428571428573,394.57142857142856,1.8571428571428572,0.2857142857142857,0.14285714285714285,0.42857142857142855,341.42857142857144,714.0
2016-06-29,72.57142857142857,2352.714285714286,420.42857142857144,1.2857142857142858,1.1428571428571428,0.0,0.5714285714285714,280.42857142857144,720.7142857142857
2016-07-06,70.42857142857143,2352.285714285714,441.0,1.4285714285714286,0.5714285714285714,0.8571428571428571,1.1428571428571428,268.2857142857143,714.5714285714286
2016-07-13,65.28571428571429,2361.4285714285716,475.0,0.5714285714285714,0.2857142857142857,0.8571428571428571,0.14285714285714285,281.2857142857143,693.2857142857143
2016-07-20,68.0,2495.4285714285716,568.0,3.7142857142857144,0.42857142857142855,0.2857142857142857,0.14285714285714285,283.57142857142856,652.5714285714286
2016-07-27,68.71428571428571,2331.8571428571427,604.7142857142857,1.5714285714285714,1.2857142857142858,0.0,0.14285714285714285,291.42857142857144,683.1428571428571
2016-08-03,71.85714285714286,2383.8571428571427,680.8571428571429,1.1428571428571428,0.14285714285714285,0.14285714285714285,0.14285714285714285,281.42857142857144,686.1428571428571
2016-08-10,70.0,2467.714285714286,714.0,1.1428571428571428,0.8571428571428571,0.0,0.0,289.2857142857143,666.4285714285714
2016-08-17,71.42857142857143,2666.5714285714284,918.8571428571429,1.8571428571428572,0.5714285714285714,0.0,0.8571428571428571,355.85714285714283,665.7142857142857
2016-08-24,80.71428571428571,2811.0,1115.2857142857142,3.857142857142857,1.0,0.14285714285714285,1.1428571428571428,401.7142857142857,754.8571428571429
2016-08-31,80.57142857142857,2919.5714285714284,881.7142857142857,2.0,2.0,0.2857142857142857,0.2857142857142857,456.85714285714283,750.7142857142857
2016-09-07,88.85714285714286,3368.8571428571427,1020.8571428571429,1.5714285714285714,2.5714285714285716,0.0,0.5714285714285714,651.4285714285714,917.5714285714286
2016-09-14,125.85714285714286,3536.4285714285716,824.8571428571429,1.8571428571428572,1.5714285714285714,0.2857142857142857,0.42857142857142855,768.1428571428571,777.0
2016-09-21,104.85714285714286,3710.1428571428573,718.2857142857143,3.0,0.7142857142857143,0.0,0.14285714285714285,931.0,788.0
2016-09-28,111.0,3744.4285714285716,581.5714285714286,1.8571428571428572,1.5714285714285714,0.42857142857142855,0.14285714285714285,1113.0,777.7142857142857
2016-10-05,103.57142857142857,3728.0,536.7142857142857,2.2857142857142856,1.1428571428571428,0.0,0.14285714285714285,1323.857142857143,798.1428571428571
2016-10-12,106.14285714285714,3954.8571428571427,550.8571428571429,3.0,1.2857142857142858,0.0,1.0,1283.0,864.7142857142857
2016-10-19,111.85714285714286,4033.714285714286,580.2857142857143,1.2857142857142858,1.1428571428571428,0.14285714285714285,0.14285714285714285,1268.7142857142858,873.7142857142857
2016-10-26,93.57142857142857,3777.4285714285716,671.0,1.1428571428571428,0.2857142857142857,0.14285714285714285,1.1428571428571428,1201.4285714285713,801.1428571428571
2016-11-02,105.14285714285714,4050.285714285714,617.2857142857143,0.0,0.8571428571428571,0.2857142857142857,0.42857142857142855,1143.7142857142858,875.8571428571429
2016-11-09,96.42857142857143,4202.0,671.2857142857143,0.14285714285714285,0.5714285714285714,0.14285714285714285,0.2857142857142857,1070.5714285714287,883.8571428571429
2016-11-16,109.85714285714286,4258.571428571428,670.0,0.42857142857142855,1.0,0.0,0.2857142857142857,975.7142857142857,889.8571428571429
2016-11-23,89.0,4101.571428571428,656.8571428571429,0.14285714285714285,0.8571428571428571,0.14285714285714285,0.2857142857142857,797.2857142857143,852.4285714285714
2016-11-30,98.14285714285714,4385.714285714285,733.8571428571429,0.42857142857142855,1.1428571428571428,0.0,0.5714285714285714,796.5714285714286,884.8571428571429
2016-12-07,99.42857142857143,4492.857142857143,1102.4285714285713,0.2857142857142857,1.4285714285714286,0.0,1.4285714285714286,726.5714285714286,817.2857142857143
2016-12-14,104.0,4370.857142857143,1272.2857142857142,0.42857142857142855,0.7142857142857143,0.0,0.2857142857142857,609.5714285714286,868.2857142857143
2016-12-21,98.57142857142857,4506.714285714285,1574.857142857143,0.2857142857142857,0.5714285714285714,0.0,0.14285714285714285,554.2857142857143,836.5714285714286
2016-12-28,128.42857142857142,5310.142857142857,2114.0,0.7142857142857143,1.7142857142857142,0.42857142857142855,0.5714285714285714,601.8571428571429,902.0
2017-01-04,152.14285714285714,6671.857142857143,2624.1428571428573,0.42857142857142855,0.7142857142857143,0.14285714285714285,0.7142857142857143,712.5714285714286,958.5714285714286
2017-01-11,141.85714285714286,5916.714285714285,2334.285714285714,0.5714285714285714,0.14285714285714285,0.8571428571428571,0.5714285714285714,662.4285714285714,959.8571428571429
2017-01-18,135.57142857142858,5639.571428571428,2754.285714285714,0.14285714285714285,1.2857142857142858,0.5714285714285714,0.14285714285714285,560.4285714285714,887.1428571428571
2017-01-25,125.14285714285714,5632.142857142857,2948.5714285714284,0.8571428571428571,1.7142857142857142,0.7142857142857143,0.42857142857142855,577.0,880.0
2017-02-01,138.14285714285714,5973.428571428572,3743.4285714285716,1.0,1.5714285714285714,0.5714285714285714,0.14285714285714285,578.2857142857143,886.5714285714286
2017-02-08,140.57142857142858,6154.428571428572,4169.142857142857,0.2857142857142857,2.4285714285714284,0.2857142857142857,0.5714285714285714,581.8571428571429,865.4285714285714
2017-02-15,124.28571428571429,5958.0,3756.714285714286,0.7142857142857143,0.7142857142857143,0.2857142857142857,0.5714285714285714,587.0,955.5714285714286
2017-02-22,124.42857142857143,5694.857142857143,2958.8571428571427,0.14285714285714285,2.142857142857143,0.7142857142857143,0.2857142857142857,547.2857142857143,875.1428571428571
2017-03-01,115.42857142857143,4828.142857142857,2221.1428571428573,0.2857142857142857,1.5714285714285714,0.7142857142857143,1.0,504.7142857142857,837.0
2017-03-08,108.14285714285714,4467.285714285715,1666.5714285714287,0.7142857142857143,2.0,0.5714285714285714,0.42857142857142855,453.14285714285717,800.8571428571429
2017-03-15,103.71428571428571,4211.857142857143,1475.142857142857,0.8571428571428571,1.5714285714285714,0.8571428571428571,0.7142857142857143,434.57142857142856,761.0
2017-03-22,102.28571428571429,4103.857142857143,1412.7142857142858,1.0,1.4285714285714286,0.7142857142857143,0.2857142857142857,439.7142857142857,758.1428571428571
2017-03-29,104.28571428571429,4030.8571428571427,1150.5714285714287,0.14285714285714285,0.42857142857142855,0.5714285714285714,0.5714285714285714,479.7142857142857,738.7142857142857
2017-04-05,83.71428571428571,3551.4285714285716,1065.4285714285713,0.42857142857142855,1.1428571428571428,0.7142857142857143,0.2857142857142857,471.85714285714283,680.8571428571429
2017-04-12,75.71428571428571,3142.0,892.7142857142857,0.2857142857142857,1.0,0.5714285714285714,0.14285714285714285,428.7142857142857,635.0
2017-04-19,75.71428571428571,3375.8571428571427,780.4285714285714,0.7142857142857143,1.5714285714285714,0.42857142857142855,0.2857142857142857,466.14285714285717,647.8571428571429
2017-04-26,70.42857142857143,2953.714285714286,665.5714285714286,0.42857142857142855,1.0,0.5714285714285714,0.5714285714285714,463.7142857142857,608.5714285714286
2017-05-03,82.85714285714286,2939.285714285714,623.0,0.7142857142857143,1.5714285714285714,0.7142857142857143,0.42857142857142855,456.42857142857144,629.0
2017-05-10,79.57142857142857,2906.4285714285716,654.0,0.42857142857142855,0.7142857142857143,0.42857142857142855,0.7142857142857143,430.85714285714283,627.4285714285714
2017-05-17,73.14285714285714,2728.714285714286,683.4285714285714,0.7142857142857143,0.7142857142857143,0.14285714285714285,0.0,399.2857142857143,592.0
2017-05-24,72.14285714285714,2615.5714285714284,609.2857142857143,0.2857142857142857,1.1428571428571428,1.0,0.5714285714285714,379.7142857142857,596.0
2017-05-31,75.71428571428571,2534.285714285714,629.2857142857143,0.2857142857142857,1.0,0.5714285714285714,0.7142857142857143,373.0,595.0
2017-06-07,61.857142857142854,2558.5714285714284,572.0,0.5714285714285714,0.7142857142857143,0.8571428571428571,0.42857142857142855,379.42857142857144,579.8571428571429
2017-06-14,69.42857142857143,2486.1428571428573,533.8571428571429,0.42857142857142855,0.14285714285714285,0.7142857142857143,0.42857142857142855,355.85714285714283,573.8571428571429
2017-06-21,64.71428571428571,2356.285714285714,536.0,0.2857142857142857,1.1428571428571428,0.14285714285714285,0.14285714285714285,353.2857142857143,581.7142857142857
2017-06-28,62.285714285714285,2340.714285714286,561.8571428571429,0.7142857142857143,1.2857142857142858,0.0,0.42857142857142855,352.85714285714283,650.5714285714286
2017-07-05,64.0,2408.714285714286,647.5714285714286,1.0,1.0,0.14285714285714285,0.8571428571428571,329.0,589.1428571428571
2017-07-12,69.28571428571429,2422.285714285714,731.0,0.2857142857142857,0.5714285714285714,0.14285714285714285,0.2857142857142857,353.2857142857143,584.1428571428571
2017-07-19,67.0,2594.285714285714,763.0,0.0,1.8571428571428572,0.42857142857142855,0.5714285714285714,378.42857142857144,579.7142857142857
2017-07-26,59.57142857142857,2687.4285714285716,930.1428571428571,1.0,2.0,0.42857142857142855,0.0,399.14285714285717,553.5714285714286
2017-08-02,65.71428571428571,2617.8571428571427,837.2857142857143,0.42857142857142855,1.1428571428571428,0.42857142857142855,0.8571428571428571,444.0,584.5714285714286
2017-08-09,69.14285714285714,2669.1428571428573,886.1428571428571,2.2857142857142856,0.8571428571428571,0.2857142857142857,1.7142857142857142,477.42857142857144,596.2857142857143
2017-08-16,63.0,2804.285714285714,865.7142857142857,2.857142857142857,1.8571428571428572,0.14285714285714285,0.8571428571428571,532.8571428571429,575.1428571428571
2017-08-23,63.285714285714285,2678.285714285714,820.4285714285714,1.0,1.7142857142857142,0.0,0.7142857142857143,512.0,574.0
2017-08-30,62.285714285714285,2722.4285714285716,826.0,0.8571428571428571,0.5714285714285714,0.5714285714285714,1.8571428571428572,537.2857142857143,585.7142857142857
2017-09-06,66.14285714285714,3218.4285714285716,754.5714285714286,0.42857142857142855,0.2857142857142857,0.14285714285714285,0.14285714285714285,611.4285714285714,654.5714285714286
2017-09-13,77.0,3503.0,789.7142857142857,0.42857142857142855,0.7142857142857143,0.14285714285714285,0.7142857142857143,781.2857142857143,679.0
2017-09-20,89.85714285714286,3463.8571428571427,819.5714285714286,0.42857142857142855,0.5714285714285714,0.8571428571428571,0.42857142857142855,919.4285714285714,666.5714285714286
2017-09-27,80.0,3336.8571428571427,786.8571428571429,0.8571428571428571,0.8571428571428571,0.42857142857142855,1.0,1006.7142857142857,788.2857142857143
2017-10-04,91.85714285714286,3676.5714285714284,731.5714285714286,0.7142857142857143,1.1428571428571428,0.2857142857142857,0.42857142857142855,1195.5714285714287,761.0
2017-10-11,94.28571428571429,3827.4285714285716,841.2857142857143,1.0,1.4285714285714286,0.2857142857142857,0.2857142857142857,1234.4285714285713,712.7142857142857
2017-10-18,96.57142857142857,6137.714285714285,742.4285714285714,1.0,1.0,0.14285714285714285,0.7142857142857143,1117.7142857142858,738.7142857142857
2017-10-25,90.85714285714286,3595.714285714286,690.1428571428571,0.7142857142857143,1.1428571428571428,0.2857142857142857,0.7142857142857143,1215.4285714285713,771.7142857142857
2017-11-01,90.28571428571429,3610.5714285714284,763.1428571428571,0.42857142857142855,1.7142857142857142,0.14285714285714285,0.2857142857142857,1297.142857142857,793.2857142857143
2017-11-08,91.42857142857143,3797.4285714285716,822.4285714285714,1.4285714285714286,1.8571428571428572,0.2857142857142857,1.0,1182.857142857143,820.0
2017-11-15,128.14285714285714,3906.5714285714284,909.1428571428571,0.8571428571428571,2.0,0.5714285714285714,1.1428571428571428,1036.4285714285713,896.4285714285714
2017-11-22,97.57142857142857,3697.8571428571427,889.1428571428571,1.4285714285714286,1.5714285714285714,0.2857142857142857,1.7142857142857142,866.2857142857143,820.8571428571429
2017-11-29,105.71428571428571,3962.1428571428573,994.5714285714286,1.0,4.0,0.0,1.0,996.1428571428571,808.7142857142857
2017-12-06,119.85714285714286,4373.142857142857,1273.7142857142858,0.7142857142857143,4.142857142857143,0.7142857142857143,1.4285714285714286,974.4285714285714,785.1428571428571
2017-12-13,124.42857142857143,4673.571428571428,1879.142857142857,1.1428571428571428,3.4285714285714284,0.5714285714285714,0.2857142857142857,770.2857142857143,817.8571428571429
2017-12-20,125.71428571428571,4611.571428571428,2470.4285714285716,0.7142857142857143,2.857142857142857,0.5714285714285714,1.4285714285714286,655.4285714285714,802.5714285714286
2017-12-27,148.85714285714286,6386.142857142857,3029.8571428571427,1.7142857142857142,4.428571428571429,0.5714285714285714,2.5714285714285716,744.4285714285714,868.5714285714286
2018-01-03,217.42857142857142,8569.142857142857,4021.4285714285716,2.0,6.714285714285714,0.7142857142857143,2.2857142857142856,1096.0,1002.0
2018-01-10,247.0,9424.714285714286,5213.0,2.142857142857143,8.428571428571429,1.4285714285714286,2.7142857142857144,1521.7142857142858,1040.142857142857
2018-01-17,258.14285714285717,9315.285714285714,5201.285714285715,4.0,10.0,1.1428571428571428,5.714285714285714,1716.2857142857142,987.2857142857143
2018-01-24,259.2857142857143,9490.714285714286,5232.428571428572,2.857142857142857,11.714285714285714,1.0,4.857142857142857,1998.857142857143,967.1428571428571
2018-01-31,233.57142857142858,8636.714285714286,4813.0,1.7142857142857142,10.571428571428571,0.7142857142857143,2.857142857142857,1612.857142857143,932.7142857142857
2018-02-07,229.71428571428572,8117.714285714285,3939.285714285714,2.7142857142857144,7.142857142857143,0.7142857142857143,1.0,1490.142857142857,961.5714285714286
2018-02-14,190.57142857142858,6678.428571428572,3424.8571428571427,2.0,3.857142857142857,0.5714285714285714,1.1428571428571428,1085.7142857142858,881.7142857142857
2018-02-21,142.57142857142858,5604.0,2372.1428571428573,1.5714285714285714,3.4285714285714284,0.2857142857142857,0.7142857142857143,796.2857142857143,875.8571428571429
2018-02-28,127.28571428571429,5026.285714285715,1577.5714285714287,1.4285714285714286,3.857142857142857,0.8571428571428571,1.5714285714285714,675.8571428571429,855.8571428571429
2018-03-07,104.0,4645.428571428572,1364.4285714285713,1.5714285714285714,3.7142857142857144,0.8571428571428571,0.5714285714285714,614.4285714285714,830.5714285714286
2018-03-14,95.42857142857143,4027.285714285714,1215.857142857143,1.1428571428571428,3.857142857142857,0.42857142857142855,0.8571428571428571,546.2857142857143,757.7142857142857
2018-03-21,97.0,3791.8571428571427,992.8571428571429,0.7142857142857143,2.5714285714285716,0.7142857142857143,1.1428571428571428,591.1428571428571,739.7142857142857
2018-03-28,92.57142857142857,3425.5714285714284,930.8571428571429,0.8571428571428571,3.2857142857142856,0.14285714285714285,0.5714285714285714,478.42857142857144,670.1428571428571
2018-04-04,81.14285714285714,3232.0,852.1428571428571,0.5714285714285714,2.7142857142857144,0.2857142857142857,0.42857142857142855,544.7142857142857,689.4285714285714
2018-04-11,74.0,3206.714285714286,759.7142857142857,1.5714285714285714,2.4285714285714284,0.42857142857142855,0.0,541.4285714285714,661.1428571428571
2018-04-18,69.28571428571429,3102.0,720.2857142857143,3.2857142857142856,1.8571428571428572,0.14285714285714285,1.1428571428571428,584.4285714285714,647.4285714285714
2018-04-25,72.28571428571429,2860.285714285714,642.2857142857143,0.8571428571428571,1.8571428571428572,0.42857142857142855,0.42857142857142855,576.7142857142857,585.1428571428571
2018-05-02,67.42857142857143,2721.285714285714,565.0,0.5714285714285714,1.7142857142857142,0.14285714285714285,1.0,552.1428571428571,561.4285714285714
2018-05-09,63.0,2595.285714285714,524.7142857142857,1.7142857142857142,2.0,0.14285714285714285,0.42857142857142855,509.2857142857143,541.5714285714286
2018-05-16,64.85714285714286,2630.4285714285716,571.1428571428571,1.2857142857142858,2.142857142857143,0.42857142857142855,0.7142857142857143,538.4285714285714,555.0
2018-05-23,62.142857142857146,2552.0,542.0,0.5714285714285714,2.2857142857142856,0.5714285714285714,0.42857142857142855,572.2857142857143,533.2857142857143
2018-05-30,66.14285714285714,2507.5714285714284,529.4285714285714,1.7142857142857142,2.142857142857143,0.14285714285714285,0.42857142857142855,523.2857142857143,541.5714285714286
2018-06-06,62.857142857142854,2423.285714285714,497.14285714285717,3.142857142857143,1.5714285714285714,0.2857142857142857,0.42857142857142855,443.42857142857144,540.5714285714286
2018-06-13,58.714285714285715,2300.1428571428573,458.85714285714283,1.5714285714285714,2.7142857142857144,0.42857142857142855,0.42857142857142855,428.0,521.8571428571429
2018-06-20,54.142857142857146,2218.5714285714284,393.0,0.42857142857142855,1.7142857142857142,0.5714285714285714,0.42857142857142855,533.1428571428571,532.1428571428571
2018-06-27,58.285714285714285,2135.8571428571427,384.0,0.2857142857142857,1.8571428571428572,0.42857142857142855,0.14285714285714285,378.85714285714283,543.5714285714286
2018-07-04,58.857142857142854,2056.4285714285716,411.2857142857143,0.7142857142857143,3.5714285714285716,0.2857142857142857,0.5714285714285714,347.85714285714283,590.5714285714286
2018-07-11,52.57142857142857,2096.0,427.7142857142857,1.1428571428571428,5.428571428571429,0.7142857142857143,17.285714285714285,389.7142857142857,538.4285714285714
2018-07-18,65.42857142857143,2201.714285714286,494.7142857142857,1.2857142857142858,4.285714285714286,2.142857142857143,0.42857142857142855,411.14285714285717,538.1428571428571
2018-07-25,62.57142857142857,2100.8571428571427,421.57142857142856,0.7142857142857143,5.0,1.4285714285714286,0.7142857142857143,347.0,494.42857142857144
2018-08-01,64.71428571428571,2020.0,402.42857142857144,1.1428571428571428,3.0,0.7142857142857143,1.7142857142857142,391.57142857142856,506.14285714285717
2018-08-08,56.714285714285715,1889.4285714285713,389.2857142857143,1.1428571428571428,2.5714285714285716,1.0,2.4285714285714284,389.2857142857143,461.57142857142856
2018-08-15,54.142857142857146,1933.4285714285713,383.57142857142856,1.7142857142857142,1.1428571428571428,0.5714285714285714,0.2857142857142857,364.7142857142857,461.85714285714283
2018-08-22,58.142857142857146,1976.7142857142858,405.42857142857144,1.0,4.0,1.0,0.42857142857142855,455.2857142857143,476.57142857142856
2018-08-29,63.0,2097.1428571428573,410.7142857142857,0.5714285714285714,3.0,0.8571428571428571,0.7142857142857143,462.0,475.2857142857143
2018-09-05,72.85714285714286,2569.8571428571427,1228.5714285714287,0.14285714285714285,3.7142857142857144,0.42857142857142855,0.42857142857142855,675.2857142857143,500.57142857142856
2018-09-12,73.42857142857143,2579.5714285714284,522.0,0.42857142857142855,4.142857142857143,0.2857142857142857,0.42857142857142855,805.7142857142857,520.0
2018-09-19,91.57142857142857,2778.1428571428573,596.2857142857143,1.2857142857142858,2.142857142857143,3.5714285714285716,0.7142857142857143,988.8571428571429,541.1428571428571
2018-09-26,96.28571428571429,2939.4285714285716,566.0,1.7142857142857142,2.5714285714285716,5.285714285714286,1.0,1243.7142857142858,601.1428571428571
2018-10-03,96.42857142857143,3044.5714285714284,590.1428571428571,1.8571428571428572,1.5714285714285714,4.428571428571429,0.2857142857142857,1480.2857142857142,579.1428571428571
2018-10-10,87.14285714285714,3138.5714285714284,631.1428571428571,1.5714285714285714,2.2857142857142856,2.5714285714285716,0.5714285714285714,1720.2857142857142,603.1428571428571
2018-10-17,93.42857142857143,3280.714285714286,661.4285714285714,1.4285714285714286,2.4285714285714284,1.0,0.14285714285714285,1939.7142857142858,616.8571428571429
2018-10-24,88.42857142857143,3259.4285714285716,693.0,1.1428571428571428,2.2857142857142856,2.0,0.5714285714285714,1725.5714285714287,667.1428571428571
2018-10-31,90.42857142857143,3165.4285714285716,716.7142857142857,0.5714285714285714,2.7142857142857144,0.8571428571428571,0.14285714285714285,1498.4285714285713,578.4285714285714
2018-11-07,81.14285714285714,3252.4285714285716,783.0,1.5714285714285714,1.8571428571428572,1.0,0.7142857142857143,1148.7142857142858,606.0
2018-11-14,79.57142857142857,3438.1428571428573,863.2857142857143,2.4285714285714284,2.142857142857143,1.1428571428571428,0.5714285714285714,1189.4285714285713,640.8571428571429
2018-11-21,84.71428571428571,3698.4285714285716,963.2857142857143,2.7142857142857144,3.0,1.4285714285714286,1.4285714285714286,962.7142857142857,607.7142857142857
2018-11-28,83.42857142857143,3397.1428571428573,958.8571428571429,1.7142857142857142,4.142857142857143,0.5714285714285714,0.5714285714285714,1004.7142857142857,610.4285714285714
2018-12-05,90.28571428571429,3342.5714285714284,1127.857142857143,1.0,2.4285714285714284,0.8571428571428571,0.5714285714285714,803.5714285714286,622.4285714285714
2018-12-12,83.0,3232.1428571428573,1353.0,1.8571428571428572,2.7142857142857144,1.4285714285714286,0.14285714285714285,672.5714285714286,575.7142857142857
2018-12-19,84.85714285714286,3042.8571428571427,1570.5714285714287,2.2857142857142856,3.2857142857142856,0.8571428571428571,1.0,518.1428571428571,574.1428571428571
2018-12-26,91.0,3457.5714285714284,1912.2857142857142,1.2857142857142858,2.7142857142857144,1.0,1.8571428571428572,507.2857142857143,607.4285714285714
2019-01-02,116.71428571428571,4360.571428571428,2043.142857142857,1.2857142857142858,1.8571428571428572,0.7142857142857143,0.42857142857142855,709.1428571428571,692.8571428571429
2019-01-09,109.14285714285714,4309.142857142857,2140.714285714286,1.7142857142857142,5.857142857142857,2.5714285714285716,0.7142857142857143,824.0,652.2857142857143
2019-01-16,101.0,4254.0,2464.4285714285716,2.4285714285714284,5.285714285714286,2.2857142857142856,1.1428571428571428,653.1428571428571,590.7142857142857
2019-01-23,113.42857142857143,4569.142857142857,2808.5714285714284,2.4285714285714284,2.7142857142857144,1.4285714285714286,1.4285714285714286,695.1428571428571,602.0
2019-01-30,109.57142857142857,4431.857142857143,3084.4285714285716,1.4285714285714286,6.285714285714286,1.0,1.0,657.4285714285714,627.0
2019-02-06,120.14285714285714,4497.142857142857,3293.1428571428573,2.7142857142857144,3.142857142857143,0.42857142857142855,0.7142857142857143,678.4285714285714,618.5714285714286
2019-02-13,100.71428571428571,3976.4285714285716,3356.8571428571427,1.8571428571428572,4.285714285714286,1.0,0.8571428571428571,676.4285714285714,633.1428571428571
2019-02-20,102.0,3768.4285714285716,3310.4285714285716,1.0,7.571428571428571,2.0,1.5714285714285714,592.4285714285714,644.0
2019-02-27,91.85714285714286,3467.1428571428573,3257.714285714286,1.8571428571428572,4.0,1.0,1.4285714285714286,532.5714285714286,648.2857142857143
2019-03-06,86.42857142857143,3460.0,3591.4285714285716,1.4285714285714286,3.4285714285714284,0.7142857142857143,0.7142857142857143,530.2857142857143,666.2857142857143
2019-03-13,83.42857142857143,3248.714285714286,3403.5714285714284,1.7142857142857142,4.571428571428571,0.42857142857142855,0.8571428571428571,509.85714285714283,713.4285714285714
2019-03-20,82.85714285714286,3026.8571428571427,2737.8571428571427,1.4285714285714286,6.142857142857143,1.0,0.7142857142857143,530.1428571428571,724.2857142857143
2019-03-27,72.57142857142857,2999.8571428571427,2039.0,1.0,3.7142857142857144,0.5714285714285714,0.5714285714285714,528.0,735.8571428571429
2019-04-03,69.42857142857143,2969.714285714286,1609.5714285714287,1.2857142857142858,2.7142857142857144,0.5714285714285714,2.0,541.0,740.0
2019-04-10,60.0,2583.5714285714284,1235.7142857142858,1.0,3.7142857142857144,1.4285714285714286,1.5714285714285714,565.1428571428571,704.7142857142857
2019-04-17,63.42857142857143,2359.5714285714284,961.4285714285714,1.1428571428571428,5.285714285714286,0.42857142857142855,1.1428571428571428,508.57142857142856,630.8571428571429
2019-04-24,64.71428571428571,2457.1428571428573,833.1428571428571,1.1428571428571428,5.714285714285714,1.1428571428571428,0.7142857142857143,547.8571428571429,538.2857142857143
2019-05-01,66.0,2370.1428571428573,732.8571428571429,1.1428571428571428,4.0,1.8571428571428572,0.14285714285714285,566.2857142857143,494.85714285714283
2019-05-08,62.142857142857146,2342.4285714285716,733.5714285714286,0.7142857142857143,2.4285714285714284,1.2857142857142858,0.2857142857142857,552.4285714285714,519.8571428571429
2019-05-15,57.42857142857143,2397.1428571428573,791.4285714285714,1.4285714285714286,2.142857142857143,1.1428571428571428,0.14285714285714285,545.4285714285714,485.85714285714283
2019-05-22,64.85714285714286,2304.1428571428573,821.1428571428571,1.1428571428571428,4.0,0.7142857142857143,0.14285714285714285,560.0,466.14285714285717
2019-05-29,57.714285714285715,2342.8571428571427,778.0,1.0,3.2857142857142856,0.8571428571428571,0.14285714285714285,533.4285714285714,479.42857142857144
2019-06-05,52.42857142857143,2075.4285714285716,787.5714285714286,1.8571428571428572,4.428571428571429,0.7142857142857143,1.2857142857142858,462.14285714285717,463.42857142857144
2019-06-12,50.57142857142857,2096.714285714286,885.1428571428571,2.4285714285714284,1.4285714285714286,1.4285714285714286,0.5714285714285714,469.2857142857143,458.2857142857143
2019-06-19,50.42857142857143,2069.8571428571427,820.4285714285714,0.5714285714285714,1.5714285714285714,1.1428571428571428,0.42857142857142855,495.7142857142857,471.0
2019-06-26,46.285714285714285,1897.2857142857142,900.5714285714286,0.7142857142857143,3.2857142857142856,0.42857142857142855,0.5714285714285714,424.57142857142856,434.57142857142856
2019-07-03,49.285714285714285,2145.1428571428573,926.0,0.7142857142857143,2.5714285714285716,1.0,0.8571428571428571,453.0,420.7142857142857
2019-07-10,53.142857142857146,2064.8571428571427,861.7142857142857,1.1428571428571428,1.5714285714285714,1.2857142857142858,0.8571428571428571,418.57142857142856,428.42857142857144
2019-07-17,48.142857142857146,2046.857142857143,838.0,0.7142857142857143,2.2857142857142856,0.8571428571428571,0.7142857142857143,416.14285714285717,424.7142857142857
2019-07-24,45.285714285714285,1963.2857142857142,806.5714285714286,1.2857142857142858,3.0,1.0,0.7142857142857143,414.2857142857143,421.57142857142856
2019-07-31,50.42857142857143,1915.142857142857,776.1428571428571,0.8571428571428571,1.4285714285714286,0.42857142857142855,0.2857142857142857,395.7142857142857,440.42857142857144
2019-08-07,56.714285714285715,1845.2857142857142,834.1428571428571,1.0,1.5714285714285714,0.0,0.14285714285714285,424.0,423.2857142857143
2019-08-14,45.714285714285715,1813.857142857143,736.2857142857143,2.142857142857143,2.142857142857143,0.8571428571428571,0.8571428571428571,507.7142857142857,449.85714285714283
2019-08-21,57.142857142857146,1893.2857142857142,896.1428571428571,2.5714285714285716,3.5714285714285716,0.42857142857142855,0.8571428571428571,516.8571428571429,465.57142857142856
2019-08-28,75.71428571428571,2031.0,753.2857142857143,1.0,1.4285714285714286,1.4285714285714286,0.14285714285714285,529.2857142857143,471.0
2019-09-04,58.714285714285715,2128.5714285714284,703.2857142857143,0.8571428571428571,6.714285714285714,2.142857142857143,0.42857142857142855,641.8571428571429,460.42857142857144
2019-09-11,95.14285714285714,2349.714285714286,691.8571428571429,0.7142857142857143,2.142857142857143,1.1428571428571428,0.14285714285714285,783.1428571428571,518.0
2019-09-18,113.57142857142857,2628.0,711.0,0.8571428571428571,5.142857142857143,0.2857142857142857,0.14285714285714285,1063.2857142857142,547.4285714285714
2019-09-25,68.14285714285714,2674.8571428571427,699.4285714285714,0.5714285714285714,2.4285714285714284,0.8571428571428571,0.2857142857142857,1386.7142857142858,593.2857142857143
2019-10-02,74.57142857142857,2900.0,977.0,1.0,5.285714285714286,0.7142857142857143,1.2857142857142858,1720.857142857143,601.1428571428571
2019-10-09,79.0,2952.1428571428573,740.8571428571429,1.7142857142857142,4.428571428571429,0.42857142857142855,0.7142857142857143,2090.8571428571427,797.8571428571429
2019-10-16,557.7142857142857,2944.4285714285716,714.5714285714286,1.5714285714285714,5.142857142857143,0.7142857142857143,1.2857142857142858,2032.4285714285713,887.2857142857143
2019-10-23,78.28571428571429,2911.8571428571427,753.2857142857143,2.7142857142857144,2.7142857142857144,1.5714285714285714,1.1428571428571428,1717.4285714285713,627.0
2019-10-30,88.14285714285714,2999.0,798.2857142857143,1.5714285714285714,5.0,0.5714285714285714,0.8571428571428571,1465.4285714285713,606.8571428571429
2019-11-06,84.42857142857143,3492.285714285714,944.7142857142857,1.7142857142857142,4.857142857142857,0.8571428571428571,0.0,1550.7142857142858,740.1428571428571
2019-11-13,89.85714285714286,3562.4285714285716,1120.7142857142858,1.5714285714285714,7.571428571428571,0.42857142857142855,0.2857142857142857,1404.2857142857142,814.1428571428571
2019-11-20,84.14285714285714,3228.8571428571427,1251.2857142857142,1.2857142857142858,5.285714285714286,0.7142857142857143,1.0,1137.4285714285713,678.5714285714286
2019-11-27,79.14285714285714,3209.285714285714,1354.0,1.7142857142857142,4.142857142857143,0.7142857142857143,1.1428571428571428,1020.4285714285714,672.4285714285714
2019-12-04,226.57142857142858,3590.4285714285716,1587.0,2.4285714285714284,4.857142857142857,1.4285714285714286,0.42857142857142855,1105.7142857142858,689.5714285714286
2019-12-11,89.14285714285714,3641.714285714286,1926.7142857142858,1.4285714285714286,6.428571428571429,1.1428571428571428,0.42857142857142855,950.5714285714286,729.8571428571429
2019-12-18,85.85714285714286,3523.714285714286,2358.4285714285716,0.42857142857142855,4.428571428571429,1.5714285714285714,0.8571428571428571,796.4285714285714,717.1428571428571
2019-12-25,98.14285714285714,3620.5714285714284,2634.0,0.5714285714285714,4.857142857142857,1.2857142857142858,1.0,756.4285714285714,700.2857142857143
2020-01-01,106.42857142857143,4332.142857142857,3113.0,2.0,2.857142857142857,4.428571428571429,0.42857142857142855,855.2857142857143,735.7142857142857
2020-01-08,103.85714285714286,5089.857142857143,5177.285714285715,2.5714285714285716,6.285714285714286,4.285714285714286,0.0,1298.2857142857142,720.1428571428571
2020-01-15,130.14285714285714,5227.571428571428,4181.142857142857,3.5714285714285716,5.142857142857143,3.5714285714285716,0.7142857142857143,1044.142857142857,703.4285714285714
2020-01-22,364.7142857142857,16950.14285714286,5946.571428571428,1.8571428571428572,5.0,2.7142857142857144,0.7142857142857143,1565.142857142857,864.4285714285714
2020-01-29,428.57142857142856,20894.0,6815.714285714285,3.0,7.857142857142857,2.4285714285714284,0.5714285714285714,1689.7142857142858,900.2857142857143
2020-02-05,293.42857142857144,12702.142857142857,5622.857142857143,2.142857142857143,8.428571428571429,2.4285714285714284,0.5714285714285714,1300.0,693.7142857142857
2020-02-12,209.85714285714286,9236.285714285714,4647.857142857143,3.142857142857143,7.857142857142857,3.4285714285714284,0.42857142857142855,1049.7142857142858,702.4285714285714
2020-02-19,280.0,14227.142857142857,5037.0,2.2857142857142856,8.428571428571429,2.0,0.42857142857142855,1035.857142857143,723.7142857142857
2020-02-26,626.5714285714286,29730.714285714286,6776.571428571428,2.142857142857143,6.714285714285714,3.5714285714285716,0.8571428571428571,1940.142857142857,801.2857142857143
2020-03-04,610.4285714285714,22845.285714285714,6797.285714285715,2.4285714285714284,7.571428571428571,3.5714285714285716,1.5714285714285714,2315.4285714285716,837.7142857142857
2020-03-11,932.4285714285714,40129.28571428572,9570.142857142857,3.142857142857143,8.714285714285714,5.285714285714286,1.2857142857142858,3794.0,1345.4285714285713
2020-03-18,711.0,34096.0,7585.857142857143,4.428571428571429,11.142857142857142,3.142857142857143,1.1428571428571428,3258.1428571428573,1889.5714285714287
2020-03-25,571.4285714285714,26377.571428571428,5404.428571428572,1.1428571428571428,5.714285714285714,3.0,1.0,3132.285714285714,1735.2857142857142
2020-04-01,420.2857142857143,19307.14285714286,3684.1428571428573,2.0,3.142857142857143,2.142857142857143,1.4285714285714286,2931.285714285714,1257.0
2020-04-08,282.7142857142857,13634.0,2765.0,1.2857142857142858,3.0,2.4285714285714284,1.1428571428571428,2651.4285714285716,1093.142857142857
2020-04-15,275.0,11325.42857142857,2372.5714285714284,1.7142857142857142,4.285714285714286,2.0,0.8571428571428571,2585.714285714286,1079.857142857143
2020-04-22,235.0,10157.714285714286,1766.857142857143,1.8571428571428572,7.857142857142857,2.4285714285714284,0.8571428571428571,2702.8571428571427,698.0
2020-04-29,170.42857142857142,7964.571428571428,1400.857142857143,0.7142857142857143,1.2857142857142858,0.7142857142857143,1.2857142857142858,2144.5714285714284,535.0
2020-05-06,147.28571428571428,6715.857142857143,1397.7142857142858,0.5714285714285714,0.42857142857142855,0.8571428571428571,0.2857142857142857,2422.1428571428573,443.57142857142856
2020-05-13,129.28571428571428,6419.714285714285,1148.0,1.2857142857142858,0.8571428571428571,1.0,0.8571428571428571,2235.285714285714,395.0
2020-05-20,113.85714285714286,4928.714285714285,880.4285714285714,0.14285714285714285,0.7142857142857143,0.7142857142857143,0.8571428571428571,1543.857142857143,368.42857142857144
2020-05-27,88.57142857142857,3789.4285714285716,650.4285714285714,0.2857142857142857,0.2857142857142857,0.2857142857142857,0.8571428571428571,998.2857142857143,369.7142857142857
2020-06-03,74.57142857142857,3114.4285714285716,543.1428571428571,0.7142857142857143,0.14285714285714285,0.5714285714285714,0.2857142857142857,749.8571428571429,346.14285714285717
2020-06-10,66.14285714285714,3039.1428571428573,534.1428571428571,0.5714285714285714,1.0,0.42857142857142855,0.2857142857142857,781.8571428571429,322.7142857142857
2020-06-17,71.0,3301.0,528.2857142857143,0.5714285714285714,0.8571428571428571,0.14285714285714285,0.0,791.5714285714286,348.2857142857143
2020-06-24,79.57142857142857,3562.5714285714284,611.1428571428571,0.8571428571428571,0.5714285714285714,0.14285714285714285,0.14285714285714285,909.2857142857143,336.57142857142856
2020-07-01,84.14285714285714,3394.8571428571427,552.0,1.2857142857142858,0.8571428571428571,0.5714285714285714,0.14285714285714285,876.2857142857143,305.0
2020-07-08,84.57142857142857,3489.0,529.4285714285714,1.0,0.2857142857142857,0.14285714285714285,0.14285714285714285,973.4285714285714,338.57142857142856
2020-07-15,83.14285714285714,3614.5714285714284,577.7142857142857,1.2857142857142858,0.42857142857142855,0.42857142857142855,0.14285714285714285,1194.857142857143,337.42857142857144
2020-07-22,83.57142857142857,3349.8571428571427,582.4285714285714,0.2857142857142857,0.7142857142857143,0.42857142857142855,0.0,1233.4285714285713,335.57142857142856
2020-07-29,80.57142857142857,3179.5714285714284,487.57142857142856,0.8571428571428571,0.42857142857142855,0.5714285714285714,0.14285714285714285,1120.5714285714287,288.57142857142856
2020-08-05,77.42857142857143,3073.285714285714,530.2857142857143,0.14285714285714285,0.7142857142857143,0.5714285714285714,0.2857142857142857,1134.857142857143,323.14285714285717
2020-08-12,73.42857142857143,2967.285714285714,499.57142857142856,0.14285714285714285,0.7142857142857143,0.0,0.2857142857142857,1127.0,319.57142857142856
2020-08-19,68.57142857142857,3028.8571428571427,478.0,0.14285714285714285,0.14285714285714285,0.2857142857142857,0.0,1262.142857142857,324.0
2020-08-26,69.42857142857143,2946.8571428571427,464.85714285714283,0.2857142857142857,0.8571428571428571,0.2857142857142857,0.0,1052.5714285714287,337.85714285714283
2020-09-02,64.28571428571429,2834.8571428571427,487.42857142857144,0.5714285714285714,0.7142857142857143,0.7142857142857143,0.0,1235.4285714285713,359.14285714285717
2020-09-09,72.0,3179.8571428571427,500.57142857142856,0.5714285714285714,0.42857142857142855,0.5714285714285714,0.14285714285714285,1414.142857142857,376.85714285714283
2020-09-16,84.14285714285714,3525.4285714285716,522.4285714285714,0.7142857142857143,0.5714285714285714,0.5714285714285714,0.42857142857142855,1612.4285714285713,371.2857142857143
2020-09-23,82.57142857142857,3743.714285714286,572.2857142857143,0.7142857142857143,0.7142857142857143,0.42857142857142855,0.14285714285714285,1866.5714285714287,392.0
2020-09-30,93.42857142857143,3771.714285714286,570.0,0.2857142857142857,0.2857142857142857,0.7142857142857143,0.2857142857142857,1872.2857142857142,378.0
2020-10-07,96.71428571428571,4209.0,652.8571428571429,1.1428571428571428,1.4285714285714286,0.42857142857142855,0.14285714285714285,1960.857142857143,394.7142857142857
2020-10-14,90.28571428571429,4083.5714285714284,692.5714285714286,0.2857142857142857,0.2857142857142857,0.14285714285714285,0.0,2055.4285714285716,391.85714285714283
2020-10-21,92.0,4214.0,711.4285714285714,0.8571428571428571,0.7142857142857143,0.14285714285714285,0.2857142857142857,2078.714285714286,369.42857142857144
2020-10-28,84.28571428571429,4262.0,698.0,0.42857142857142855,0.14285714285714285,0.2857142857142857,0.14285714285714285,1661.857142857143,359.2857142857143
2020-11-04,74.71428571428571,3507.8571428571427,686.8571428571429,0.7142857142857143,1.7142857142857142,0.5714285714285714,0.0,1875.857142857143,383.85714285714283
2020-11-11,86.71428571428571,3816.0,704.4285714285714,0.8571428571428571,0.2857142857142857,0.42857142857142855,0.2857142857142857,2160.0,383.14285714285717
2020-11-18,95.42857142857143,3948.1428571428573,687.7142857142857,0.42857142857142855,0.42857142857142855,0.0,0.42857142857142855,2434.4285714285716,400.14285714285717
2020-11-25,85.28571428571429,3564.4285714285716,708.2857142857143,0.42857142857142855,1.0,0.7142857142857143,0.14285714285714285,1872.857142857143,350.14285714285717
2020-12-02,88.42857142857143,3961.285714285714,682.0,0.42857142857142855,0.8571428571428571,0.0,0.0,2727.8571428571427,341.2857142857143
2020-12-09,76.57142857142857,3707.714285714286,666.7142857142857,0.14285714285714285,1.0,0.5714285714285714,0.14285714285714285,2667.4285714285716,342.14285714285717
2020-12-16,89.71428571428571,3831.4285714285716,705.7142857142857,0.7142857142857143,0.5714285714285714,0.2857142857142857,0.14285714285714285,2264.285714285714,334.2857142857143
2020-12-23,69.42857142857143,3437.285714285714,606.5714285714286,0.7142857142857143,0.8571428571428571,0.14285714285714285,0.0,1492.857142857143,302.14285714285717
2020-12-30,81.57142857142857,3768.4285714285716,696.7142857142857,0.42857142857142855,0.8571428571428571,0.42857142857142855,0.42857142857142855,1853.2857142857142,294.2857142857143
2021-01-06,87.28571428571429,3548.285714285714,797.7142857142857,0.7142857142857143,1.0,1.0,0.0,1631.0,333.42857142857144
2021-01-13,77.85714285714286,3311.8571428571427,717.2857142857143,0.42857142857142855,0.7142857142857143,1.1428571428571428,0.0,1603.5714285714287,286.57142857142856
2021-01-20,73.14285714285714,3189.285714285714,691.7142857142857,0.7142857142857143,0.2857142857142857,0.14285714285714285,0.14285714285714285,1306.142857142857,288.85714285714283
2021-01-27,66.14285714285714,2931.714285714286,640.0,0.42857142857142855,0.42857142857142855,1.5714285714285714,0.14285714285714285,1376.857142857143,281.7142857142857
2021-02-03,62.857142857142854,2797.4285714285716,639.7142857142857,1.0,1.4285714285714286,0.42857142857142855,0.0,1138.5714285714287,283.14285714285717
2021-02-10,59.857142857142854,2675.5714285714284,574.4285714285714,0.42857142857142855,0.7142857142857143,0.7142857142857143,0.2857142857142857,1006.4285714285714,288.0
2021-02-17,63.142857142857146,3020.714285714286,1060.2857142857142,0.8571428571428571,1.0,0.7142857142857143,0.0,1026.7142857142858,308.14285714285717
2021-02-24,64.28571428571429,3107.8571428571427,684.5714285714286,1.1428571428571428,0.7142857142857143,0.8571428571428571,0.14285714285714285,1266.4285714285713,302.0
2021-03-03,64.42857142857143,2829.285714285714,647.2857142857143,0.8571428571428571,0.7142857142857143,0.8571428571428571,0.14285714285714285,1192.857142857143,302.85714285714283
2021-03-10,66.14285714285714,2726.285714285714,646.2857142857143,1.1428571428571428,1.2857142857142858,0.42857142857142855,0.8571428571428571,1304.4285714285713,313.7142857142857
2021-03-17,68.57142857142857,2623.285714285714,617.1428571428571,0.8571428571428571,1.4285714285714286,0.2857142857142857,0.0,1174.7142857142858,306.85714285714283
2021-03-24,68.57142857142857,2621.4285714285716,645.0,1.2857142857142858,1.2857142857142858,0.8571428571428571,0.14285714285714285,1219.7142857142858,314.42857142857144
2021-03-31,64.28571428571429,2542.4285714285716,602.1428571428571,1.2857142857142858,1.1428571428571428,0.2857142857142857,0.14285714285714285,1240.7142857142858,295.42857142857144
2021-04-07,65.42857142857143,2614.5714285714284,640.8571428571429,1.0,0.5714285714285714,0.42857142857142855,0.14285714285714285,1467.7142857142858,328.0
2021-04-14,69.14285714285714,2915.5714285714284,636.7142857142857,0.8571428571428571,0.7142857142857143,0.42857142857142855,0.2857142857142857,1437.5714285714287,332.57142857142856
2021-04-21,60.142857142857146,2931.8571428571427,565.0,1.0,0.5714285714285714,0.8571428571428571,0.14285714285714285,1238.4285714285713,353.0
2021-04-28,60.0,3029.285714285714,570.4285714285714,0.8571428571428571,1.0,0.7142857142857143,0.14285714285714285,1272.142857142857,318.42857142857144
2021-05-05,58.285714285714285,2805.714285714286,556.0,1.1428571428571428,0.2857142857142857,0.2857142857142857,0.0,1183.4285714285713,323.14285714285717
2021-05-12,52.57142857142857,2644.714285714286,505.85714285714283,0.7142857142857143,1.4285714285714286,0.7142857142857143,0.2857142857142857,1271.7142857142858,290.14285714285717
2021-05-19,53.42857142857143,2566.8571428571427,505.0,1.0,1.1428571428571428,1.0,0.0,1387.7142857142858,320.57142857142856
2021-05-26,49.142857142857146,2560.5714285714284,739.1428571428571,0.7142857142857143,0.5714285714285714,0.14285714285714285,0.0,1384.857142857143,288.57142857142856
2021-06-02,48.714285714285715,2587.1428571428573,750.0,0.7142857142857143,0.8571428571428571,1.0,0.14285714285714285,1256.857142857143,282.7142857142857
2021-06-09,45.857142857142854,1982.5714285714287,447.14285714285717,0.14285714285714285,1.1428571428571428,0.0,0.0,1100.5714285714287,271.57142857142856
2021-06-16,47.42857142857143,1981.0,437.14285714285717,0.0,0.5714285714285714,0.14285714285714285,0.2857142857142857,1091.7142857142858,287.57142857142856
2021-06-23,42.714285714285715,1976.5714285714287,438.42857142857144,0.42857142857142855,0.42857142857142855,0.2857142857142857,0.0,1077.2857142857142,277.14285714285717
2021-06-30,48.57142857142857,2120.285714285714,414.2857142857143,1.0,0.2857142857142857,0.5714285714285714,0.0,1023.7142857142857,282.42857142857144
2021-07-07,47.0,2212.1428571428573,446.14285714285717,0.8571428571428571,0.2857142857142857,0.42857142857142855,0.14285714285714285,1098.142857142857,271.2857142857143
2021-07-14,43.0,2310.1428571428573,471.14285714285717,1.4285714285714286,1.4285714285714286,0.8571428571428571,0.0,1184.5714285714287,303.0
2021-07-21,54.714285714285715,2397.0,485.42857142857144,0.42857142857142855,0.14285714285714285,0.42857142857142855,0.0,1295.7142857142858,304.57142857142856
2021-07-28,56.0,2695.1428571428573,534.8571428571429,0.5714285714285714,0.8571428571428571,0.42857142857142855,0.2857142857142857,1569.4285714285713,311.57142857142856
2021-08-04,63.42857142857143,3020.8571428571427,564.0,0.42857142857142855,0.7142857142857143,0.42857142857142855,0.2857142857142857,1783.0,304.85714285714283
2021-08-11,60.857142857142854,2839.0,541.2857142857143,0.42857142857142855,1.2857142857142858,0.2857142857142857,0.14285714285714285,1793.2857142857142,315.57142857142856
2021-08-18,61.42857142857143,2875.4285714285716,517.5714285714286,0.5714285714285714,1.0,0.0,0.14285714285714285,1988.4285714285713,327.7142857142857
2021-08-25,62.285714285714285,2743.8571428571427,524.5714285714286,0.2857142857142857,0.7142857142857143,0.5714285714285714,0.14285714285714285,1835.0,320.2857142857143
2021-09-01,68.85714285714286,2708.8571428571427,515.7142857142857,0.42857142857142855,0.8571428571428571,0.14285714285714285,0.2857142857142857,1655.0,326.57142857142856
2021-09-08,72.28571428571429,3126.5714285714284,559.0,0.2857142857142857,0.42857142857142855,0.7142857142857143,0.0,2054.5714285714284,332.85714285714283
2021-09-15,58.57142857142857,2826.8571428571427,469.85714285714283,0.2857142857142857,0.42857142857142855,0.42857142857142855,0.14285714285714285,1933.0,336.85714285714283
2021-09-22,58.42857142857143,2578.714285714286,436.0,0.7142857142857143,1.0,0.2857142857142857,0.14285714285714285,1761.142857142857,352.7142857142857
2021-09-29,53.142857142857146,2605.285714285714,499.2857142857143,1.1428571428571428,0.5714285714285714,0.2857142857142857,0.0,1837.2857142857142,340.2857142857143
2021-10-06,62.0,2510.0,470.2857142857143,0.8571428571428571,0.8571428571428571,0.0,0.14285714285714285,1966.4285714285713,353.42857142857144
2021-10-13,62.142857142857146,2436.0,473.85714285714283,0.8571428571428571,1.2857142857142858,0.42857142857142855,0.14285714285714285,1726.2857142857142,350.42857142857144
2021-10-20,57.57142857142857,2423.1428571428573,462.42857142857144,0.42857142857142855,0.7142857142857143,0.7142857142857143,0.0,1628.7142857142858,365.2857142857143
2021-10-27,53.857142857142854,2417.285714285714,473.42857142857144,1.0,1.4285714285714286,0.42857142857142855,0.2857142857142857,1367.5714285714287,317.42857142857144
2021-11-03,52.42857142857143,2279.714285714286,523.2857142857143,0.5714285714285714,0.7142857142857143,0.42857142857142855,0.14285714285714285,1300.7142857142858,319.85714285714283
2021-11-10,58.857142857142854,2310.714285714286,586.0,0.14285714285714285,1.0,0.14285714285714285,0.14285714285714285,1194.4285714285713,341.85714285714283
2021-11-17,53.42857142857143,2888.5714285714284,751.1428571428571,0.2857142857142857,1.5714285714285714,0.5714285714285714,0.0,1392.142857142857,356.42857142857144
2021-11-24,67.85714285714286,3384.1428571428573,941.2857142857143,0.7142857142857143,0.5714285714285714,0.42857142857142855,0.0,1310.5714285714287,352.57142857142856
2021-12-01,78.0,3194.285714285714,1053.4285714285713,0.5714285714285714,0.2857142857142857,0.2857142857142857,0.2857142857142857,1220.4285714285713,360.85714285714283
2021-12-08,70.42857142857143,2978.4285714285716,1294.7142857142858,0.42857142857142855,0.14285714285714285,0.14285714285714285,0.14285714285714285,1059.0,362.2857142857143
2021-12-15,77.0,3698.714285714286,1959.2857142857142,0.2857142857142857,0.8571428571428571,0.42857142857142855,0.14285714285714285,1087.2857142857142,379.42857142857144
2021-12-22,83.57142857142857,3768.8571428571427,1964.7142857142858,0.42857142857142855,1.0,0.14285714285714285,0.2857142857142857,961.1428571428571,392.85714285714283
2021-12-29,105.71428571428571,4884.142857142857,1855.142857142857,1.0,1.7142857142857142,0.0,0.0,996.1428571428571,445.85714285714283
2022-01-05,104.71428571428571,5254.142857142857,1668.142857142857,0.0,1.2857142857142858,0.7142857142857143,0.2857142857142857,1151.2857142857142,443.2857142857143
2022-01-12,82.28571428571429,3728.8571428571427,1237.857142857143,0.14285714285714285,0.8571428571428571,0.0,0.42857142857142855,941.2857142857143,407.2857142857143
2022-01-19,77.71428571428571,3195.8571428571427,922.7142857142857,0.5714285714285714,0.8571428571428571,0.2857142857142857,0.0,783.0,425.14285714285717
2022-01-26,66.42857142857143,2889.714285714286,771.8571428571429,0.2857142857142857,0.5714285714285714,0.14285714285714285,0.0,735.8571428571429,374.14285714285717
2022-02-02,61.57142857142857,2554.714285714286,691.7142857142857,0.2857142857142857,0.14285714285714285,0.42857142857142855,0.0,572.0,343.2857142857143
2022-02-09,56.714285714285715,2188.8571428571427,691.4285714285714,0.42857142857142855,0.14285714285714285,0.0,0.0,516.1428571428571,305.85714285714283
2022-02-16,56.0,2182.714285714286,726.4285714285714,0.8571428571428571,0.42857142857142855,0.5714285714285714,0.14285714285714285,492.0,308.7142857142857
2022-02-23,44.0,1763.2857142857142,665.1428571428571,0.2857142857142857,0.14285714285714285,0.42857142857142855,0.0,389.0,302.57142857142856
2022-03-02,46.0,1715.5714285714287,872.8571428571429,0.14285714285714285,0.42857142857142855,0.2857142857142857,0.0,373.7142857142857,291.14285714285717
2022-03-09,41.0,1792.7142857142858,1024.7142857142858,0.5714285714285714,0.7142857142857143,0.0,0.0,388.2857142857143,298.0
2022-03-16,44.57142857142857,1850.2857142857142,1218.5714285714287,0.2857142857142857,0.42857142857142855,0.0,0.0,370.14285714285717,287.85714285714283
2022-03-23,40.57142857142857,1898.4285714285713,1162.5714285714287,0.14285714285714285,0.42857142857142855,0.2857142857142857,0.2857142857142857,373.0,311.7142857142857
2022-03-30,42.142857142857146,1826.142857142857,1192.5714285714287,0.2857142857142857,0.7142857142857143,0.42857142857142855,0.2857142857142857,393.0,302.7142857142857
2022-04-06,48.285714285714285,1930.7142857142858,1295.142857142857,0.42857142857142855,0.7142857142857143,0.2857142857142857,0.2857142857142857,380.2857142857143,305.14285714285717
2022-04-13,49.57142857142857,1763.0,1220.2857142857142,0.5714285714285714,0.42857142857142855,0.0,0.2857142857142857,353.57142857142856,305.14285714285717
2022-04-20,55.42857142857143,1873.2857142857142,1317.5714285714287,0.0,0.2857142857142857,0.2857142857142857,0.7142857142857143,380.14285714285717,323.42857142857144
2022-04-27,50.285714285714285,1705.2857142857142,1308.142857142857,0.14285714285714285,0.14285714285714285,0.0,0.14285714285714285,356.0,293.85714285714283
2022-05-04,50.142857142857146,1675.4285714285713,1312.4285714285713,0.5714285714285714,0.2857142857142857,0.2857142857142857,1.4285714285714286,318.57142857142856,315.14285714285717
2022-05-11,52.142857142857146,1660.7142857142858,1450.2857142857142,0.2857142857142857,0.42857142857142855,0.14285714285714285,1.4285714285714286,335.14285714285717,345.57142857142856
2022-05-18,50.857142857142854,1750.7142857142858,1471.5714285714287,0.2857142857142857,1.0,0.0,0.2857142857142857,343.42857142857144,332.2857142857143
2022-05-25,44.142857142857146,1655.7142857142858,1430.857142857143,0.0,0.2857142857142857,0.0,0.14285714285714285,354.85714285714283,319.0
2022-06-01,45.285714285714285,1627.142857142857,1359.0,0.5714285714285714,1.4285714285714286,0.2857142857142857,0.5714285714285714,350.2857142857143,314.85714285714283
2022-06-08,45.142857142857146,1515.857142857143,1324.5714285714287,0.42857142857142855,0.2857142857142857,0.0,0.2857142857142857,318.57142857142856,321.14285714285717
2022-06-15,46.42857142857143,1619.7142857142858,1234.5714285714287,0.2857142857142857,0.7142857142857143,0.0,1.0,300.0,324.0
2022-06-22,39.42857142857143,1392.142857142857,1229.4285714285713,0.8571428571428571,0.5714285714285714,0.5714285714285714,0.14285714285714285,304.14285714285717,281.2857142857143
2022-06-29,40.714285714285715,1506.0,1040.857142857143,0.14285714285714285,0.2857142857142857,0.2857142857142857,1.4285714285714286,298.2857142857143,279.0
2022-07-06,35.0,1494.142857142857,886.7142857142857,0.42857142857142855,0.5714285714285714,0.14285714285714285,0.0,292.7142857142857,285.7142857142857
2022-07-13,36.857142857142854,1414.857142857143,908.4285714285714,0.14285714285714285,0.2857142857142857,0.2857142857142857,0.14285714285714285,291.2857142857143,301.14285714285717
2022-07-20,36.0,1400.0,792.0,0.14285714285714285,0.5714285714285714,0.2857142857142857,0.2857142857142857,291.85714285714283,270.42857142857144
2022-07-27,29.857142857142858,1316.7142857142858,657.0,0.2857142857142857,0.5714285714285714,0.2857142857142857,0.2857142857142857,278.2857142857143,252.57142857142858
2022-08-03,35.285714285714285,1399.0,568.5714285714286,0.42857142857142855,0.42857142857142855,0.0,0.42857142857142855,283.7142857142857,260.0
2022-08-10,34.142857142857146,1484.5714285714287,526.0,0.42857142857142855,1.5714285714285714,0.14285714285714285,0.2857142857142857,297.42857142857144,221.57142857142858
2022-08-17,37.142857142857146,1366.0,446.2857142857143,0.14285714285714285,1.0,0.14285714285714285,0.14285714285714285,340.14285714285717,247.42857142857142
2022-08-24,35.142857142857146,1314.4285714285713,447.7142857142857,1.0,0.42857142857142855,1.4285714285714286,0.2857142857142857,347.2857142857143,255.28571428571428
2022-08-31,37.142857142857146,1431.4285714285713,442.0,0.42857142857142855,0.42857142857142855,0.14285714285714285,0.0,378.2857142857143,243.85714285714286
2022-09-07,34.0,1482.2857142857142,447.57142857142856,1.4285714285714286,0.42857142857142855,0.0,0.14285714285714285,433.7142857142857,268.7142857142857
2022-09-14,40.857142857142854,1792.0,486.7142857142857,0.14285714285714285,0.7142857142857143,0.2857142857142857,0.0,499.7142857142857,308.42857142857144
2022-09-21,39.714285714285715,1684.857142857143,485.7142857142857,0.7142857142857143,1.0,0.14285714285714285,0.0,536.8571428571429,305.2857142857143
2022-09-28,42.142857142857146,1710.5714285714287,481.85714285714283,0.7142857142857143,1.1428571428571428,0.0,0.14285714285714285,577.8571428571429,339.0
2022-10-05,43.285714285714285,1894.4285714285713,514.0,0.14285714285714285,0.42857142857142855,0.42857142857142855,0.0,652.7142857142857,327.57142857142856
2022-10-12,44.857142857142854,1843.2857142857142,629.1428571428571,0.5714285714285714,0.5714285714285714,0.2857142857142857,0.0,701.4285714285714,328.42857142857144
2022-10-19,55.142857142857146,1938.2857142857142,764.8571428571429,0.5714285714285714,0.2857142857142857,0.2857142857142857,0.5714285714285714,761.8571428571429,332.14285714285717
2022-10-26,51.0,1954.4285714285713,861.2857142857143,0.42857142857142855,1.4285714285714286,0.14285714285714285,0.5714285714285714,707.2857142857143,338.7142857142857
2022-11-02,50.714285714285715,1977.7142857142858,1118.857142857143,0.5714285714285714,1.4285714285714286,0.5714285714285714,0.14285714285714285,659.5714285714286,375.2857142857143
2022-11-09,51.42857142857143,2113.714285714286,1231.4285714285713,0.42857142857142855,0.5714285714285714,0.0,0.14285714285714285,563.1428571428571,378.57142857142856
2022-11-16,55.142857142857146,2148.1428571428573,1546.4285714285713,0.42857142857142855,2.5714285714285716,0.7142857142857143,0.42857142857142855,551.7142857142857,387.0
2022-11-23,65.57142857142857,2387.1428571428573,1952.142857142857,1.2857142857142858,0.5714285714285714,0.2857142857142857,0.2857142857142857,518.5714285714286,426.57142857142856
2022-11-30,66.71428571428571,2603.8571428571427,2241.5714285714284,0.14285714285714285,0.14285714285714285,0.42857142857142855,0.7142857142857143,529.8571428571429,408.7142857142857
2022-12-07,71.57142857142857,2694.4285714285716,2582.4285714285716,0.7142857142857143,0.14285714285714285,0.2857142857142857,0.42857142857142855,535.0,424.42857142857144
2022-12-14,71.14285714285714,2640.714285714286,2620.1428571428573,0.2857142857142857,1.7142857142857142,0.2857142857142857,0.5714285714285714,440.85714285714283,442.85714285714283
2022-12-21,69.14285714285714,2406.714285714286,2453.714285714286,0.42857142857142855,0.5714285714285714,0.2857142857142857,1.0,385.85714285714283,450.42857142857144
2022-12-28,64.85714285714286,2358.1428571428573,1990.0,1.0,1.0,0.42857142857142855,0.2857142857142857,337.7142857142857,446.85714285714283
2023-01-04,58.42857142857143,2227.714285714286,1421.4285714285713,0.42857142857142855,1.0,0.42857142857142855,0.14285714285714285,342.0,417.57142857142856
2023-01-11,46.714285714285715,2021.5714285714287,959.8571428571429,0.42857142857142855,0.42857142857142855,0.2857142857142857,0.7142857142857143,293.7142857142857,370.85714285714283
2023-01-18,29.428571428571427,1962.0,801.5714285714286,0.42857142857142855,0.14285714285714285,0.14285714285714285,0.0,308.85714285714283,344.85714285714283
2023-01-25,34.0,1615.7142857142858,688.5714285714286,0.14285714285714285,0.14285714285714285,0.2857142857142857,0.0,304.7142857142857,326.85714285714283
2023-02-01,34.57142857142857,1668.2857142857142,708.1428571428571,0.42857142857142855,0.0,0.42857142857142855,0.0,264.57142857142856,330.0
2023-02-08,34.857142857142854,1637.0,736.5714285714286,0.0,0.14285714285714285,0.14285714285714285,0.0,266.2857142857143,330.85714285714283
2023-02-15,37.142857142857146,1626.7142857142858,652.2857142857143,0.2857142857142857,0.2857142857142857,0.14285714285714285,0.0,250.0,335.2857142857143
2023-02-22,30.142857142857142,1596.5714285714287,759.5714285714286,0.0,0.42857142857142855,0.14285714285714285,0.14285714285714285,246.85714285714286,341.42857142857144
2023-03-01,34.42857142857143,1795.0,918.2857142857143,0.14285714285714285,0.14285714285714285,0.0,0.2857142857142857,331.85714285714283,312.85714285714283
2023-03-08,31.714285714285715,2402.8571428571427,1001.1428571428571,0.0,0.2857142857142857,0.0,0.0,403.2857142857143,330.57142857142856
2023-03-15,31.285714285714285,1859.4285714285713,781.1428571428571,0.14285714285714285,0.14285714285714285,0.0,0.0,373.2857142857143,314.0
2023-03-22,29.285714285714285,1578.5714285714287,628.1428571428571,0.0,0.14285714285714285,0.5714285714285714,0.0,291.7142857142857,289.2857142857143
2023-03-29,27.714285714285715,1405.0,559.1428571428571,0.2857142857142857,0.2857142857142857,0.0,0.0,246.14285714285714,280.0
2023-04-05,25.428571428571427,1306.7142857142858,494.57142857142856,0.2857142857142857,1.0,0.0,0.0,223.42857142857142,244.14285714285714
2023-04-12,35.285714285714285,1376.7142857142858,558.5714285714286,0.5714285714285714,0.42857142857142855,0.42857142857142855,0.14285714285714285,219.0,253.0
2023-04-19,28.285714285714285,1339.7142857142858,503.85714285714283,0.42857142857142855,0.5714285714285714,0.14285714285714285,0.2857142857142857,219.28571428571428,275.85714285714283
2023-04-26,24.285714285714285,1307.857142857143,425.57142857142856,0.0,0.8571428571428571,0.0,0.0,234.42857142857142,261.0
2023-05-03,25.571428571428573,1438.2857142857142,434.2857142857143,0.42857142857142855,0.14285714285714285,0.0,0.0,270.85714285714283,245.71428571428572
2023-05-10,34.285714285714285,1349.4285714285713,444.42857142857144,0.14285714285714285,0.42857142857142855,0.2857142857142857,0.0,240.28571428571428,241.14285714285714
2023-05-17,31.714285714285715,1434.0,467.85714285714283,0.14285714285714285,0.0,0.0,0.0,237.28571428571428,244.14285714285714
2023-05-24,27.142857142857142,1343.4285714285713,480.0,0.2857142857142857,0.5714285714285714,0.14285714285714285,0.0,231.85714285714286,239.57142857142858
2023-05-31,30.714285714285715,1372.4285714285713,451.7142857142857,0.14285714285714285,0.42857142857142855,0.14285714285714285,0.0,183.0,227.71428571428572
2023-06-07,30.285714285714285,1309.5714285714287,413.57142857142856,0.2857142857142857,0.14285714285714285,0.14285714285714285,0.0,170.14285714285714,218.0
2023-06-14,27.714285714285715,1363.142857142857,411.7142857142857,0.42857142857142855,0.7142857142857143,0.14285714285714285,0.0,226.28571428571428,211.14285714285714
2023-06-21,29.428571428571427,1212.7142857142858,379.7142857142857,0.14285714285714285,0.8571428571428571,0.2857142857142857,0.14285714285714285,251.0,207.42857142857142
2023-06-28,23.714285714285715,1007.1428571428571,356.0,0.2857142857142857,0.42857142857142855,0.2857142857142857,0.0,213.28571428571428,196.0
2023-07-05,24.571428571428573,1077.142857142857,373.57142857142856,0.2857142857142857,0.42857142857142855,0.14285714285714285,0.0,222.57142857142858,200.71428571428572
2023-07-12,24.285714285714285,1010.1428571428571,394.57142857142856,0.0,0.8571428571428571,0.0,0.14285714285714285,233.28571428571428,200.42857142857142
2023-07-19,27.428571428571427,1115.2857142857142,436.7142857142857,0.2857142857142857,0.8571428571428571,0.0,0.0,180.42857142857142,209.28571428571428
2023-07-26,24.285714285714285,1071.142857142857,451.42857142857144,0.0,0.42857142857142855,0.2857142857142857,0.0,229.28571428571428,216.28571428571428
2023-08-02,23.428571428571427,1029.142857142857,420.0,0.0,0.5714285714285714,0.0,0.0,236.42857142857142,222.71428571428572
2023-08-09,28.285714285714285,1011.8571428571429,404.57142857142856,0.0,0.0,0.0,0.14285714285714285,227.57142857142858,205.71428571428572
2023-08-16,25.857142857142858,1057.5714285714287,559.0,0.42857142857142855,0.8571428571428571,0.2857142857142857,0.0,216.57142857142858,212.71428571428572
2023-08-23,27.285714285714285,1122.0,551.4285714285714,0.2857142857142857,0.42857142857142855,0.0,0.0,237.42857142857142,234.71428571428572
2023-08-30,27.714285714285715,1077.4285714285713,533.4285714285714,0.0,0.2857142857142857,0.0,0.0,266.2857142857143,217.85714285714286
2023-09-06,26.142857142857142,1196.7142857142858,985.0,0.0,0.0,0.14285714285714285,0.0,332.85714285714283,238.42857142857142
2023-09-13,28.0,1279.7142857142858,1108.5714285714287,0.0,0.14285714285714285,0.14285714285714285,0.14285714285714285,381.57142857142856,265.85714285714283
2023-09-20,31.857142857142858,1394.5714285714287,1145.5714285714287,0.0,0.8571428571428571,0.42857142857142855,0.14285714285714285,424.2857142857143,271.57142857142856
2023-09-27,31.428571428571427,1353.7142857142858,1171.4285714285713,0.14285714285714285,0.5714285714285714,0.14285714285714285,0.14285714285714285,459.42857142857144,249.14285714285714
2023-10-04,36.142857142857146,1355.857142857143,1557.4285714285713,0.14285714285714285,0.14285714285714285,1.0,0.0,487.2857142857143,263.85714285714283
2023-10-11,33.285714285714285,1372.142857142857,1291.7142857142858,0.2857142857142857,0.5714285714285714,0.2857142857142857,0.14285714285714285,500.57142857142856,264.2857142857143
2023-10-18,33.285714285714285,1381.857142857143,1204.142857142857,0.5714285714285714,0.42857142857142855,0.0,0.0,493.85714285714283,273.42857142857144
2023-10-25,35.42857142857143,1460.857142857143,1192.0,0.14285714285714285,0.14285714285714285,0.7142857142857143,0.0,469.42857142857144,292.2857142857143
2023-11-01,31.571428571428573,1575.2857142857142,1387.857142857143,0.2857142857142857,0.42857142857142855,0.5714285714285714,0.14285714285714285,423.14285714285717,280.57142857142856
2023-11-08,31.428571428571427,1683.4285714285713,1500.7142857142858,0.5714285714285714,0.0,0.0,0.0,381.57142857142856,289.85714285714283
2023-11-15,33.142857142857146,1596.0,1721.2857142857142,0.2857142857142857,0.7142857142857143,0.0,0.0,373.57142857142856,304.7142857142857
2023-11-22,33.285714285714285,1898.857142857143,2031.857142857143,0.14285714285714285,0.42857142857142855,0.0,0.0,390.85714285714283,335.14285714285717
2023-11-29,34.0,1863.857142857143,2247.8571428571427,0.42857142857142855,0.5714285714285714,0.5714285714285714,0.0,393.42857142857144,352.2857142857143
2023-12-06,32.714285714285715,1951.142857142857,2472.8571428571427,0.14285714285714285,0.5714285714285714,0.14285714285714285,0.0,388.14285714285717,368.85714285714283
2023-12-13,39.857142857142854,2082.0,3690.5714285714284,0.7142857142857143,1.0,0.0,0.0,360.0,453.42857142857144
2023-12-20,34.714285714285715,1909.4285714285713,4786.428571428572,0.14285714285714285,0.5714285714285714,0.0,0.0,280.85714285714283,374.85714285714283
2023-12-27,36.285714285714285,2035.7142857142858,5230.571428571428,0.0,1.5714285714285714,0.0,0.0,283.7142857142857,393.85714285714283
2024-01-03,37.0,2334.285714285714,4811.857142857143,0.2857142857142857,0.2857142857142857,0.14285714285714285,0.0,305.7142857142857,382.42857142857144
2024-01-10,31.428571428571427,2074.0,3978.285714285714,0.0,0.7142857142857143,0.5714285714285714,0.0,270.57142857142856,347.57142857142856
2024-01-17,30.142857142857142,1917.857142857143,4059.285714285714,0.2857142857142857,0.8571428571428571,0.14285714285714285,0.14285714285714285,247.71428571428572,339.0
2024-01-24,30.142857142857142,1874.7142857142858,4924.0,0.42857142857142855,0.8571428571428571,0.0,0.42857142857142855,250.0,330.42857142857144
2024-01-31,29.714285714285715,1835.857142857143,5077.285714285715,0.5714285714285714,1.1428571428571428,0.14285714285714285,0.0,227.57142857142858,314.57142857142856
2024-02-07,34.142857142857146,1757.4285714285713,4464.285714285715,0.42857142857142855,0.0,0.42857142857142855,0.0,198.85714285714286,302.14285714285717
2024-02-14,26.285714285714285,1664.5714285714287,4125.571428571428,0.14285714285714285,0.7142857142857143,0.0,0.0,250.14285714285714,314.14285714285717
2024-02-21,27.857142857142858,1582.0,3478.714285714286,0.0,0.42857142857142855,0.2857142857142857,0.0,211.85714285714286,298.7142857142857
2024-02-28,30.285714285714285,1534.0,3031.0,0.14285714285714285,1.1428571428571428,0.14285714285714285,0.0,260.7142857142857,310.14285714285717
2024-03-06,25.428571428571427,1622.142857142857,2510.0,0.2857142857142857,0.42857142857142855,0.0,0.0,229.14285714285714,289.2857142857143
2024-03-13,23.285714285714285,1455.7142857142858,2175.5714285714284,1.0,0.2857142857142857,0.14285714285714285,0.2857142857142857,244.57142857142858,309.85714285714283
2024-03-20,19.571428571428573,1250.5714285714287,1886.4285714285713,0.2857142857142857,0.14285714285714285,0.0,0.0,234.71428571428572,307.2857142857143
2024-03-27,22.714285714285715,1207.0,1684.142857142857,0.14285714285714285,0.14285714285714285,0.0,0.0,265.0,274.57142857142856
2024-04-03,25.285714285714285,1236.857142857143,1554.142857142857,0.5714285714285714,25.0,0.0,0.0,302.7142857142857,270.7142857142857
2024-04-10,20.428571428571427,1107.7142857142858,1337.0,0.14285714285714285,30.142857142857142,0.7142857142857143,0.0,283.2857142857143,260.0
2024-04-17,22.0,1228.5714285714287,1412.2857142857142,0.14285714285714285,59.42857142857143,0.0,0.14285714285714285,264.85714285714283,260.2857142857143
2024-04-24,23.285714285714285,1240.0,1501.5714285714287,0.2857142857142857,17.714285714285715,0.0,0.0,261.7142857142857,264.57142857142856
2024-05-01,21.714285714285715,1259.5714285714287,4690.571428571428,0.7142857142857143,2.5714285714285716,0.14285714285714285,0.42857142857142855,263.85714285714283,278.7142857142857
2024-05-08,51.57142857142857,1154.142857142857,2462.5714285714284,0.14285714285714285,2.4285714285714284,0.42857142857142855,0.0,254.42857142857142,269.57142857142856
2024-05-15,89.14285714285714,1136.2857142857142,1650.7142857142858,0.2857142857142857,16.142857142857142,0.42857142857142855,0.0,276.2857142857143,256.2857142857143
2024-05-22,23.571428571428573,1085.2857142857142,1615.0,0.0,2.4285714285714284,0.0,0.5714285714285714,282.7142857142857,260.85714285714283
2024-05-29,22.285714285714285,998.0,1434.0,0.5714285714285714,1.8571428571428572,0.0,0.42857142857142855,239.28571428571428,263.0
2024-06-05,21.285714285714285,1083.2857142857142,1690.2857142857142,0.0,0.5714285714285714,0.0,0.14285714285714285,264.2857142857143,256.57142857142856
2024-06-12,19.285714285714285,962.8571428571429,1655.142857142857,0.2857142857142857,0.5714285714285714,0.42857142857142855,0.42857142857142855,223.57142857142858,251.0
2024-06-19,19.857142857142858,984.8571428571429,1843.7142857142858,0.42857142857142855,0.42857142857142855,0.14285714285714285,0.5714285714285714,213.71428571428572,257.57142857142856
2024-06-26,19.285714285714285,936.7142857142857,1930.857142857143,0.42857142857142855,0.7142857142857143,0.14285714285714285,0.14285714285714285,247.42857142857142,235.28571428571428
2024-07-03,23.714285714285715,936.4285714285714,2074.0,0.0,0.42857142857142855,0.0,0.14285714285714285,281.0,270.42857142857144
2024-07-10,23.285714285714285,988.2857142857143,1994.7142857142858,0.0,0.14285714285714285,0.2857142857142857,0.0,242.85714285714286,253.0
2024-07-17,20.571428571428573,980.4285714285714,2170.4285714285716,0.0,0.7142857142857143,0.14285714285714285,0.0,240.0,283.0
2024-07-24,21.428571428571427,948.0,1952.857142857143,0.14285714285714285,1.1428571428571428,0.14285714285714285,0.0,241.57142857142858,255.0
2024-07-31,17.142857142857142,878.5714285714286,1941.0,0.14285714285714285,0.7142857142857143,0.14285714285714285,0.0,213.42857142857142,252.0
2024-08-07,24.714285714285715,931.7142857142857,1877.4285714285713,0.14285714285714285,1.2857142857142858,0.2857142857142857,0.0,242.0,248.71428571428572
2024-08-14,23.142857142857142,1026.0,1684.857142857143,0.0,0.42857142857142855,0.14285714285714285,0.0,251.57142857142858,270.42857142857144
2024-08-21,25.857142857142858,1004.4285714285714,1474.7142857142858,0.14285714285714285,0.2857142857142857,0.5714285714285714,0.0,315.57142857142856,271.0
2024-08-28,31.714285714285715,1055.0,1330.4285714285713,0.2857142857142857,1.2857142857142858,0.42857142857142855,0.14285714285714285,341.7142857142857,305.7142857142857
2024-09-04,29.0,1045.142857142857,1261.4285714285713,0.14285714285714285,0.5714285714285714,0.14285714285714285,0.0,417.85714285714283,301.7142857142857
2024-09-11,31.285714285714285,1091.2857142857142,1117.7142857142858,0.42857142857142855,1.2857142857142858,0.7142857142857143,0.0,458.42857142857144,323.42857142857144
2024-09-18,29.285714285714285,1169.4285714285713,1125.857142857143,0.0,0.2857142857142857,0.2857142857142857,0.0,552.8571428571429,336.0
2024-09-25,33.714285714285715,1255.2857142857142,1045.5714285714287,0.5714285714285714,0.5714285714285714,0.2857142857142857,0.5714285714285714,598.8571428571429,357.42857142857144
2024-10-02,34.285714285714285,1256.142857142857,985.1428571428571,0.42857142857142855,0.7142857142857143,0.14285714285714285,0.14285714285714285,651.5714285714286,357.0
2024-10-09,30.285714285714285,1304.0,950.0,0.2857142857142857,0.42857142857142855,0.0,0.0,664.4285714285714,354.85714285714283
2024-10-16,31.142857142857142,1385.857142857143,1024.5714285714287,0.14285714285714285,1.0,0.14285714285714285,0.0,744.0,383.14285714285717
2024-10-23,28.285714285714285,1268.4285714285713,962.0,0.42857142857142855,0.2857142857142857,0.2857142857142857,0.14285714285714285,645.8571428571429,380.42857142857144
2024-10-30,23.0,1240.5714285714287,977.2857142857143,0.0,0.5714285714285714,0.0,0.0,548.4285714285714,361.14285714285717
2024-11-06,25.571428571428573,1307.0,1111.5714285714287,0.2857142857142857,0.42857142857142855,0.5714285714285714,0.14285714285714285,581.2857142857143,395.7142857142857
2024-11-13,25.714285714285715,1478.0,1277.2857142857142,0.0,1.2857142857142858,0.2857142857142857,0.14285714285714285,580.4285714285714,420.57142857142856
2024-11-20,24.714285714285715,1385.0,1404.142857142857,0.0,0.2857142857142857,0.5714285714285714,0.0,518.1428571428571,429.14285714285717
2024-11-27,23.714285714285715,1300.142857142857,1627.857142857143,0.14285714285714285,0.7142857142857143,0.42857142857142855,0.14285714285714285,438.0,417.0
2024-12-04,26.714285714285715,1451.857142857143,1860.142857142857,0.2857142857142857,0.2857142857142857,0.14285714285714285,0.14285714285714285,427.7142857142857,438.7142857142857
2024-12-11,32.142857142857146,1547.0,3187.285714285714,0.14285714285714285,0.5714285714285714,0.14285714285714285,0.0,369.2857142857143,415.7142857142857
2024-12-18,34.857142857142854,1777.7142857142858,4726.285714285715,0.7142857142857143,1.1428571428571428,0.42857142857142855,0.0,361.85714285714283,419.85714285714283
2024-12-25,37.42857142857143,2119.285714285714,6022.857142857143,0.42857142857142855,0.7142857142857143,0.42857142857142855,0.14285714285714285,350.0,482.14285714285717
2025-01-01,41.714285714285715,2507.8571428571427,6405.714285714285,0.2857142857142857,1.2857142857142858,0.2857142857142857,0.14285714285714285,432.85714285714283,480.14285714285717
2025-01-08,38.142857142857146,2308.714285714286,5828.0,0.0,0.8571428571428571,0.14285714285714285,0.0,483.85714285714283,468.14285714285717
2025-01-15,40.285714285714285,2069.4285714285716,6346.285714285715,0.14285714285714285,1.1428571428571428,0.5714285714285714,0.14285714285714285,457.42857142857144,454.57142857142856
2025-01-22,42.57142857142857,2313.1428571428573,7343.0,0.0,1.7142857142857142,1.0,0.5714285714285714,463.85714285714283,453.14285714285717
2025-01-29,40.857142857142854,3466.5714285714284,7941.857142857143,0.5714285714285714,2.0,0.5714285714285714,0.42857142857142855,592.5714285714286,492.57142857142856
2025-02-05,43.0,3305.8571428571427,4673.714285714285,0.5714285714285714,2.5714285714285716,0.42857142857142855,0.14285714285714285,588.8571428571429,437.57142857142856
