Date,"Flu","Influenza"
2015-07-01,77,2602
2015-07-02,74,2405
2015-07-03,68,2127
2015-07-04,71,1882
2015-07-05,75,2551
2015-07-06,105,2839
2015-07-07,90,2673
2015-07-08,90,2710
2015-07-09,102,2681
2015-07-10,77,2273
2015-07-11,82,1874
2015-07-12,63,2083
2015-07-13,114,2585
2015-07-14,63,2583
2015-07-15,72,2623
2015-07-16,88,2282
2015-07-17,68,2050
2015-07-18,56,1768
2015-07-19,65,2097
2015-07-20,77,2527
2015-07-21,69,2466
2015-07-22,77,2590
2015-07-23,101,2527
2015-07-24,70,2190
2015-07-25,69,2058
2015-07-26,69,2132
2015-07-27,77,2947
2015-07-28,85,2662
2015-07-29,110,2730
2015-07-30,85,2559
2015-07-31,75,2290
2015-08-01,79,1903
2015-08-02,78,2323
2015-08-03,76,2589
2015-08-04,91,2715
2015-08-05,99,2664
2015-08-06,85,2670
2015-08-07,82,2256
2015-08-08,78,1980
2015-08-09,71,2263
2015-08-10,90,2496
2015-08-11,93,2649
2015-08-12,89,2701
2015-08-13,83,2707
2015-08-14,71,2427
2015-08-15,75,2719
2015-08-16,95,2377
2015-08-17,77,2843
2015-08-18,82,3032
2015-08-19,90,3084
2015-08-20,84,2837
2015-08-21,87,2544
2015-08-22,81,2069
2015-08-23,99,2842
2015-08-24,84,3204
2015-08-25,118,3143
2015-08-26,95,3178
2015-08-27,91,2775
2015-08-28,86,2458
2015-08-29,85,2374
2015-08-30,108,2549
2015-08-31,94,2922
2015-09-01,101,3172
2015-09-02,102,3181
2015-09-03,99,3140
2015-09-04,105,2735
2015-09-05,79,2186
2015-09-06,102,2839
2015-09-07,125,3109
2015-09-08,135,3397
2015-09-09,106,3328
2015-09-10,85,3333
2015-09-11,102,3027
2015-09-12,106,2387
2015-09-13,91,3025
2015-09-14,129,3733
2015-09-15,100,3570
2015-09-16,119,3583
2015-09-17,112,3527
2015-09-18,117,6683
2015-09-19,106,2553
2015-09-20,89,2901
2015-09-21,118,3690
2015-09-22,146,3779
2015-09-23,101,3778
2015-09-24,110,3424
2015-09-25,118,2996
2015-09-26,89,2357
2015-09-27,112,2866
2015-09-28,139,3950
2015-09-29,143,4046
2015-09-30,147,4084
2015-10-01,141,3796
2015-10-02,122,3216
2015-10-03,83,2883
2015-10-04,114,3312
2015-10-05,152,4231
2015-10-06,139,4439
2015-10-07,148,4221
2015-10-08,142,4086
2015-10-09,130,3573
2015-10-10,103,2747
2015-10-11,120,3603
2015-10-12,145,4145
2015-10-13,126,4405
2015-10-14,147,4101
2015-10-15,158,4076
2015-10-16,104,3786
2015-10-17,99,3066
2015-10-18,121,3320
2015-10-19,158,4466
2015-10-20,154,4512
2015-10-21,158,4318
2015-10-22,150,4466
2015-10-23,125,3653
2015-10-24,96,2742
2015-10-25,116,3178
2015-10-26,129,4225
2015-10-27,147,4241
2015-10-28,145,4282
2015-10-29,112,3931
2015-10-30,126,3498
2015-10-31,82,2725
2015-11-01,100,3195
2015-11-02,107,4403
2015-11-03,157,4420
2015-11-04,119,4538
2015-11-05,147,4493
2015-11-06,112,3799
2015-11-07,120,2882
2015-11-08,119,3455
2015-11-09,147,4491
2015-11-10,127,4455
2015-11-11,129,4098
2015-11-12,129,4488
2015-11-13,122,3652
2015-11-14,99,2897
2015-11-15,104,3713
2015-11-16,151,4278
2015-11-17,274,4602
2015-11-18,152,4542
2015-11-19,139,4470
2015-11-20,108,3828
2015-11-21,91,2927
2015-11-22,117,3343
2015-11-23,124,4497
2015-11-24,152,4518
2015-11-25,138,4111
2015-11-26,116,3725
2015-11-27,94,3133
2015-11-28,108,3070
2015-11-29,99,3482
2015-11-30,153,4612
2015-12-01,159,4664
2015-12-02,154,4570
2015-12-03,127,4406
2015-12-04,104,3800
2015-12-05,79,2935
2015-12-06,98,3820
2015-12-07,137,4493
2015-12-08,125,4545
2015-12-09,139,4741
2015-12-10,131,4363
2015-12-11,116,3687
2015-12-12,98,2972
2015-12-13,109,3607
2015-12-14,135,4333
2015-12-15,107,4207
2015-12-16,127,4416
2015-12-17,140,4209
2015-12-18,112,3996
2015-12-19,80,2847
2015-12-20,88,3200
2015-12-21,102,3670
2015-12-22,110,3571
2015-12-23,85,3051
2015-12-24,96,2729
2015-12-25,90,2332
2015-12-26,86,2691
2015-12-27,103,3087
2015-12-28,142,3463
2015-12-29,153,6241
2015-12-30,118,5417
2015-12-31,109,4346
2016-01-01,97,3297
2016-01-02,115,3892
2016-01-03,134,4012
2016-01-04,146,5305
2016-01-05,164,5048
2016-01-06,158,5045
2016-01-07,174,4816
2016-01-08,166,4514
2016-01-09,127,3640
2016-01-10,136,4168
2016-01-11,137,5159
2016-01-12,147,5149
2016-01-13,137,5205
2016-01-14,121,5316
2016-01-15,141,4696
2016-01-16,107,3970
2016-01-17,131,4057
2016-01-18,121,4970
2016-01-19,147,5743
2016-01-20,144,5762
2016-01-21,155,5495
2016-01-22,174,5438
2016-01-23,118,3932
2016-01-24,117,4550
2016-01-25,154,5798
2016-01-26,161,6015
2016-01-27,166,6365
2016-01-28,136,6187
2016-01-29,150,5617
2016-01-30,116,4374
2016-01-31,113,4847
2016-02-01,157,6421
2016-02-02,170,6215
2016-02-03,159,6410
2016-02-04,143,6352
2016-02-05,120,5795
2016-02-06,103,4485
2016-02-07,117,4799
2016-02-08,144,6863
2016-02-09,156,6487
2016-02-10,172,6469
2016-02-11,150,6468
2016-02-12,133,5539
2016-02-13,110,4471
2016-02-14,127,4757
2016-02-15,154,6412
2016-02-16,167,6706
2016-02-17,175,6583
2016-02-18,171,6967
2016-02-19,156,6526
2016-02-20,146,5326
2016-02-21,129,5671
2016-02-22,188,7708
2016-02-23,202,7829
2016-02-24,173,7503
2016-02-25,180,7615
2016-02-26,131,6936
2016-02-27,134,5647
2016-02-28,115,5713
2016-02-29,196,7271
2016-03-01,193,7701
2016-03-02,192,7508
2016-03-03,185,7333
2016-03-04,143,6263
2016-03-05,159,5071
2016-03-06,127,5487
2016-03-07,199,7192
2016-03-08,146,7387
2016-03-09,180,7364
2016-03-10,155,7030
2016-03-11,137,5979
2016-03-12,135,4775
2016-03-13,115,5234
2016-03-14,131,6641
2016-03-15,138,6394
2016-03-16,141,6351
2016-03-17,126,5961
2016-03-18,102,5328
2016-03-19,107,4168
2016-03-20,96,4677
2016-03-21,151,5847
2016-03-22,90,5754
2016-03-23,115,5482
2016-03-24,102,4853
2016-03-25,117,4649
2016-03-26,95,3997
2016-03-27,102,3697
2016-03-28,117,5031
2016-03-29,137,5454
2016-03-30,126,5499
2016-03-31,137,4952
2016-04-01,97,4400
2016-04-02,84,3512
2016-04-03,94,3762
2016-04-04,102,4859
2016-04-05,123,4777
2016-04-06,124,4813
2016-04-07,98,4643
2016-04-08,125,4088
2016-04-09,108,3329
2016-04-10,100,3841
2016-04-11,89,5586
2016-04-12,100,5415
2016-04-13,111,6081
2016-04-14,92,5218
2016-04-15,92,4129
2016-04-16,84,3208
2016-04-17,71,3350
2016-04-18,111,4568
2016-04-19,96,4358
2016-04-20,111,4228
2016-04-21,2660,9618
2016-04-22,141,11514
2016-04-23,112,12080
2016-04-24,110,8095
2016-04-25,119,7630
2016-04-26,103,6259
2016-04-27,90,5651
2016-04-28,108,4867
2016-04-29,97,4275
2016-04-30,65,3292
2016-05-01,77,3564
2016-05-02,108,4528
2016-05-03,78,4372
2016-05-04,117,4187
2016-05-05,89,3939
2016-05-06,72,3336
2016-05-07,84,2809
2016-05-08,81,3046
2016-05-09,81,4000
2016-05-10,84,4024
2016-05-11,83,4186
2016-05-12,90,3765
2016-05-13,96,3393
2016-05-14,73,2531
2016-05-15,74,2959
2016-05-16,112,3583
2016-05-17,103,3666
2016-05-18,105,3724
2016-05-19,100,3739
2016-05-20,78,3089
2016-05-21,58,2745
2016-05-22,66,2741
2016-05-23,79,3739
2016-05-24,83,3534
2016-05-25,81,3465
2016-05-26,82,3494
2016-05-27,84,2887
2016-05-28,54,2347
2016-05-29,80,2454
2016-05-30,83,3323
2016-05-31,81,3103
2016-06-01,84,3233
2016-06-02,59,3175
2016-06-03,76,2860
2016-06-04,73,2257
2016-06-05,63,2424
2016-06-06,73,3077
2016-06-07,74,3007
2016-06-08,68,3215
2016-06-09,63,2933
2016-06-10,64,2369
2016-06-11,55,2025
2016-06-12,52,2225
2016-06-13,87,2979
2016-06-14,81,2937
2016-06-15,69,2828
2016-06-16,74,2833
2016-06-17,70,2324
2016-06-18,60,2055
2016-06-19,46,2219
2016-06-20,99,2834
2016-06-21,74,2892
2016-06-22,53,2856
2016-06-23,72,2730
2016-06-24,67,2510
2016-06-25,66,2161
2016-06-26,49,2126
2016-06-27,64,2727
2016-06-28,50,2692
2016-06-29,84,2816
2016-06-30,66,2460
2016-07-01,63,2149
2016-07-02,76,2089
2016-07-03,66,2209
2016-07-04,74,2425
2016-07-05,79,2321
2016-07-06,70,2473
2016-07-07,91,2617
2016-07-08,77,2143
2016-07-09,61,1897
2016-07-10,54,1941
2016-07-11,60,2691
2016-07-12,80,2704
2016-07-13,63,2546
2016-07-14,80,2417
2016-07-15,71,2036
2016-07-16,39,1855
2016-07-17,47,2241
2016-07-18,68,2682
2016-07-19,89,2753
2016-07-20,70,2863
2016-07-21,60,2530
2016-07-22,65,2123
2016-07-23,75,1999
2016-07-24,77,2076
2016-07-25,66,3203
2016-07-26,63,2674
2016-07-27,74,2490
2016-07-28,48,2496
2016-07-29,51,2119
2016-07-30,72,1936
2016-07-31,71,2248
2016-08-01,73,2444
2016-08-02,92,2590
2016-08-03,72,2576
2016-08-04,72,2466
2016-08-05,77,2251
2016-08-06,72,1856
2016-08-07,66,2209
2016-08-08,79,2622
2016-08-09,65,2707
2016-08-10,85,2602
2016-08-11,71,2483
2016-08-12,69,2247
2016-08-13,64,2035
2016-08-14,50,2164
2016-08-15,82,2789
2016-08-16,69,2954
2016-08-17,99,3040
2016-08-18,57,2696
2016-08-19,62,2413
2016-08-20,57,2120
2016-08-21,49,2445
2016-08-22,97,2999
2016-08-23,79,2953
2016-08-24,78,2918
2016-08-25,78,2923
2016-08-26,69,2684
2016-08-27,80,2274
2016-08-28,60,2612
2016-08-29,94,3092
2016-08-30,106,3174
2016-08-31,92,3081
2016-09-01,79,2999
2016-09-02,68,2760
2016-09-03,78,2266
2016-09-04,65,2575
2016-09-05,104,3208
2016-09-06,78,3548
2016-09-07,99,3551
2016-09-08,87,3673
2016-09-09,84,3113
2016-09-10,64,2573
2016-09-11,79,2994
2016-09-12,104,3961
2016-09-13,105,3717
2016-09-14,145,3771
2016-09-15,137,3676
2016-09-16,105,3303
2016-09-17,108,2609
2016-09-18,106,3192
2016-09-19,165,4126
2016-09-20,115,4078
2016-09-21,106,3962
2016-09-22,117,4477
2016-09-23,101,3317
2016-09-24,79,2642
2016-09-25,87,3010
2016-09-26,136,4397
2016-09-27,108,4166
2016-09-28,87,4209
2016-09-29,139,3881
2016-09-30,90,3463
2016-10-01,103,2784
2016-10-02,109,3369
2016-10-03,120,4104
2016-10-04,129,4401
2016-10-05,106,4266
2016-10-06,98,4075
2016-10-07,98,3604
2016-10-08,75,2799
2016-10-09,86,3022
2016-10-10,124,4097
2016-10-11,138,4233
2016-10-12,102,4382
2016-10-13,112,4128
2016-10-14,108,3752
2016-10-15,114,3027
2016-10-16,80,3512
2016-10-17,124,4518
2016-10-18,103,4365
2016-10-19,112,4708
2016-10-20,97,4184
2016-10-21,92,3705
2016-10-22,73,2864
2016-10-23,89,3211
2016-10-24,186,4842
2016-10-25,134,4722
2016-10-26,104,4539
2016-10-27,81,4397
2016-10-28,77,3559
2016-10-29,89,2654
2016-10-30,78,3109
2016-10-31,111,3925
2016-11-01,115,4259
2016-11-02,107,4416
2016-11-03,101,4219
2016-11-04,90,3736
2016-11-05,110,3156
2016-11-06,78,3644
2016-11-07,128,4532
2016-11-08,122,4649
2016-11-09,86,4159
2016-11-10,104,4390
2016-11-11,93,3881
2016-11-12,77,3234
2016-11-13,88,3876
2016-11-14,111,4903
2016-11-15,116,4971
2016-11-16,130,4899
2016-11-17,119,4617
2016-11-18,90,3755
2016-11-19,82,3386
2016-11-20,124,3768
2016-11-21,121,4756
2016-11-22,103,4629
2016-11-23,82,4402
2016-11-24,88,3781
2016-11-25,64,3446
2016-11-26,78,3313
2016-11-27,90,3791
2016-11-28,109,4953
2016-11-29,112,5025
2016-11-30,114,4770
2016-12-01,100,4866
2016-12-02,87,4230
2016-12-03,76,3203
2016-12-04,96,3867
2016-12-05,103,4816
2016-12-06,111,4948
2016-12-07,108,5047
2016-12-08,96,4825
2016-12-09,108,4280
2016-12-10,81,3553
2016-12-11,96,3696
2016-12-12,104,4986
2016-12-13,103,5063
2016-12-14,106,4903
2016-12-15,114,4724
2016-12-16,98,4025
2016-12-17,82,3380
2016-12-18,98,3905
2016-12-19,123,4968
2016-12-20,107,4691
2016-12-21,148,4803
2016-12-22,106,4424
2016-12-23,86,4703
2016-12-24,72,3870
2016-12-25,69,3519
2016-12-26,92,4977
2016-12-27,117,5251
2016-12-28,148,5737
2016-12-29,131,5497
2016-12-30,136,5341
2016-12-31,108,4375
2017-01-01,102,4110
2017-01-02,123,5316
2017-01-03,151,6795
2017-01-04,155,7208
2017-01-05,180,7614
2017-01-06,155,6405
2017-01-07,122,5981
2017-01-08,124,6045
2017-01-09,174,6767
2017-01-10,155,6683
2017-01-11,182,6444
2017-01-12,122,6591
2017-01-13,133,5668
2017-01-14,122,4769
2017-01-15,130,5194
2017-01-16,146,5988
2017-01-17,158,6763
2017-01-18,128,6539
2017-01-19,133,6407
2017-01-20,133,5248
2017-01-21,112,4426
2017-01-22,140,4716
2017-01-23,166,5995
2017-01-24,137,6146
2017-01-25,117,6179
2017-01-26,142,6032
2017-01-27,119,5233
2017-01-28,94,4660
2017-01-29,106,5006
2017-01-30,146,6136
2017-01-31,152,6179
2017-02-01,154,6209
2017-02-02,125,6315
2017-02-03,143,6048
2017-02-04,127,4871
2017-02-05,125,5093
2017-02-06,134,6456
2017-02-07,159,6822
2017-02-08,143,6933
2017-02-09,149,6716
2017-02-10,159,6123
2017-02-11,126,5108
2017-02-12,132,5184
2017-02-13,131,6658
2017-02-14,144,6359
2017-02-15,143,6674
2017-02-16,170,6738
2017-02-17,93,5763
2017-02-18,103,4836
2017-02-19,107,5060
2017-02-20,127,6077
2017-02-21,127,6558
2017-02-22,162,6417
2017-02-23,142,6001
2017-02-24,112,5155
2017-02-25,96,4253
2017-02-26,105,6418
2017-02-27,118,5839
2017-02-28,136,5781
2017-03-01,127,5394
2017-03-02,129,5246
2017-03-03,105,4710
2017-03-04,106,3773
2017-03-05,104,4197
2017-03-06,125,5270
2017-03-07,112,5207
2017-03-08,113,4949
2017-03-09,116,5118
2017-03-10,107,4375
2017-03-11,89,3537
2017-03-12,115,3696
2017-03-13,104,4925
2017-03-14,113,4671
2017-03-15,107,4650
2017-03-16,99,4389
2017-03-17,96,3861
2017-03-18,79,3400
2017-03-19,92,3653
2017-03-20,127,4717
2017-03-21,126,4813
2017-03-22,102,4769
2017-03-23,123,4406
2017-03-24,103,4074
2017-03-25,89,3079
2017-03-26,102,3402
2017-03-27,97,4506
2017-03-28,100,4491
2017-03-29,119,4679
2017-03-30,103,4323
2017-03-31,97,3826
2017-04-01,64,2963
2017-04-02,89,3643
2017-04-03,138,4605
2017-04-04,120,4177
2017-04-05,90,4079
2017-04-06,80,3969
2017-04-07,99,3256
2017-04-08,73,3094
2017-04-09,77,2880
2017-04-10,88,3801
2017-04-11,79,3781
2017-04-12,87,3520
2017-04-13,77,3422
2017-04-14,80,2725
2017-04-15,60,2620
2017-04-16,56,2793
2017-04-17,74,3332
2017-04-18,96,3582
2017-04-19,79,4016
2017-04-20,67,3673
2017-04-21,70,3243
2017-04-22,62,2461
2017-04-23,65,2993
2017-04-24,106,3617
2017-04-25,81,3628
2017-04-26,73,3576
2017-04-27,66,3502
2017-04-28,76,2845
2017-04-29,54,2140
2017-04-30,76,2299
2017-05-01,73,2980
2017-05-02,75,3334
2017-05-03,89,3210
2017-05-04,73,2982
2017-05-05,84,3084
2017-05-06,61,2146
2017-05-07,75,2522
2017-05-08,89,3367
2017-05-09,109,3264
2017-05-10,96,3270
2017-05-11,73,3175
2017-05-12,75,2672
2017-05-13,66,2248
2017-05-14,66,2294
2017-05-15,97,3167
2017-05-16,84,3519
2017-05-17,94,3212
2017-05-18,74,3049
2017-05-19,76,2643
2017-05-20,68,2039
2017-05-21,75,2309
2017-05-22,56,2926
2017-05-23,69,2923
2017-05-24,90,3055
2017-05-25,65,2733
2017-05-26,55,2474
2017-05-27,60,2108
2017-05-28,65,2296
2017-05-29,80,2815
2017-05-30,90,2828
2017-05-31,86,2848
2017-06-01,90,2588
2017-06-02,64,2533
2017-06-03,80,2069
2017-06-04,79,2107
2017-06-05,67,2762
2017-06-06,64,2833
2017-06-07,66,2893
2017-06-08,75,2753
2017-06-09,36,2320
2017-06-10,52,2098
2017-06-11,57,2278
2017-06-12,68,2803
2017-06-13,79,2765
2017-06-14,70,2631
2017-06-15,64,2904
2017-06-16,69,2478
2017-06-17,63,1955
2017-06-18,65,2041
2017-06-19,69,2627
2017-06-20,86,2767
2017-06-21,72,2824
2017-06-22,62,2561
2017-06-23,68,2204
2017-06-24,69,1794
2017-06-25,56,2036
2017-06-26,63,2511
2017-06-27,63,2564
2017-06-28,71,2744
2017-06-29,72,2644
2017-06-30,52,2140
2017-07-01,53,1869
2017-07-02,62,2064
2017-07-03,54,2382
2017-07-04,72,2542
2017-07-05,65,2598
2017-07-06,68,2484
2017-07-07,65,2214
2017-07-08,53,1949
2017-07-09,52,2135
2017-07-10,77,2734
2017-07-11,68,2747
2017-07-12,80,2580
2017-07-13,66,2608
2017-07-14,60,2203
2017-07-15,75,1935
2017-07-16,65,2189
2017-07-17,63,2677
2017-07-18,76,2764
2017-07-19,79,2733
2017-07-20,66,2848
2017-07-21,71,2539
2017-07-22,49,2263
2017-07-23,49,2296
2017-07-24,82,2711
2017-07-25,73,2770
2017-07-26,66,2767
2017-07-27,53,2625
2017-07-28,47,2415
2017-07-29,62,2073
2017-07-30,58,2241
2017-07-31,64,2676
2017-08-01,67,4015
2017-08-02,73,2786
2017-08-03,63,2774
2017-08-04,59,2405
2017-08-05,65,2180
2017-08-06,58,2419
2017-08-07,78,2728
2017-08-08,64,3033
2017-08-09,78,2894
2017-08-10,75,2775
2017-08-11,70,2605
2017-08-12,62,2209
2017-08-13,48,2372
2017-08-14,78,2897
2017-08-15,73,2932
2017-08-16,54,3023
2017-08-17,83,3015
2017-08-18,59,2792
2017-08-19,48,2267
2017-08-20,53,2644
2017-08-21,65,2912
2017-08-22,79,2977
2017-08-23,59,2930
2017-08-24,83,2878
2017-08-25,56,2531
2017-08-26,63,2178
2017-08-27,54,2343
2017-08-28,64,3017
2017-08-29,64,2871
2017-08-30,67,3096
2017-08-31,56,2814
2017-09-01,59,2429
2017-09-02,61,2293
2017-09-03,65,2437
2017-09-04,58,2850
2017-09-05,70,3138
2017-09-06,81,3449
2017-09-07,62,3447
2017-09-08,65,2997
2017-09-09,55,2502
2017-09-10,59,2969
2017-09-11,72,3554
2017-09-12,69,3611
2017-09-13,84,3587
2017-09-14,87,3624
2017-09-15,68,3179
2017-09-16,55,2679
2017-09-17,68,2994
2017-09-18,100,4116
2017-09-19,77,4342
2017-09-20,96,4150
2017-09-21,96,3856
2017-09-22,99,3244
2017-09-23,70,2452
2017-09-24,75,2768
2017-09-25,89,3689
2017-09-26,104,4088
2017-09-27,87,3726
2017-09-28,98,3503
2017-09-29,79,3137
2017-09-30,47,2525
2017-10-01,66,2834
2017-10-02,94,3682
2017-10-03,89,3951
2017-10-04,99,4393
2017-10-05,108,3815
2017-10-06,112,3371
2017-10-07,70,2741
2017-10-08,74,3088
2017-10-09,79,4206
2017-10-10,101,4122
2017-10-11,84,4255
2017-10-12,110,4261
2017-10-13,88,3359
2017-10-14,104,2835
2017-10-15,84,3399
2017-10-16,98,4117
2017-10-17,92,4566
2017-10-18,100,3817
2017-10-19,94,3978
2017-10-20,91,3448
2017-10-21,100,2738
2017-10-22,78,3136
2017-10-23,117,20696
2017-10-24,96,5151
2017-10-25,102,4389
2017-10-26,120,4009
2017-10-27,91,3246
2017-10-28,80,2715
2017-10-29,73,3047
2017-10-30,92,4045
2017-10-31,78,3719
2017-11-01,87,3658
2017-11-02,94,3870
2017-11-03,84,3341
2017-11-04,74,2853
2017-11-05,83,3143
2017-11-06,114,4162
2017-11-07,96,4247
2017-11-08,99,4497
2017-11-09,97,4191
2017-11-10,76,3407
2017-11-11,79,2785
2017-11-12,86,3265
2017-11-13,90,4173
2017-11-14,113,4264
2017-11-15,112,4139
2017-11-16,190,4099
2017-11-17,190,3444
2017-11-18,84,3019
2017-11-19,99,3539
2017-11-20,106,4510
2017-11-21,116,4596
2017-11-22,85,4174
2017-11-23,100,3508
2017-11-24,75,2975
2017-11-25,102,2952
2017-11-26,84,3384
2017-11-27,105,4410
2017-11-28,132,4482
2017-11-29,113,4204
2017-11-30,99,4154
2017-12-01,97,3559
2017-12-02,81,3041
2017-12-03,96,3430
2017-12-04,120,4618
2017-12-05,134,4729
2017-12-06,115,4848
2017-12-07,120,4670
2017-12-08,133,4125
2017-12-09,108,3516
2017-12-10,92,3728
2017-12-11,138,4864
2017-12-12,133,4861
2017-12-13,100,4643
2017-12-14,113,4671
2017-12-15,126,4489
2017-12-16,117,3906
2017-12-17,102,4554
2017-12-18,163,5331
2017-12-19,150,5121
2017-12-20,162,4930
2017-12-21,154,5228
2017-12-22,104,4593
2017-12-23,97,4259
2017-12-24,97,4313
2017-12-25,107,3851
2017-12-26,159,5107
2017-12-27,145,6091
2017-12-28,152,6526
2017-12-29,157,6854
2017-12-30,144,6285
2017-12-31,143,6140
2018-01-01,125,5545
2018-01-02,176,7262
2018-01-03,195,9482
2018-01-04,198,8936
2018-01-05,192,8275
2018-01-06,174,7375
2018-01-07,184,7477
2018-01-08,330,9110
2018-01-09,249,9329
2018-01-10,228,9612
2018-01-11,308,11281
2018-01-12,280,10607
2018-01-13,223,9106
2018-01-14,199,7646
2018-01-15,221,8346
2018-01-16,270,9375
2018-01-17,273,9639
2018-01-18,290,10021
2018-01-19,274,9928
2018-01-20,252,8386
2018-01-21,211,7577
2018-01-22,249,9330
2018-01-23,258,10326
2018-01-24,231,9879
2018-01-25,294,9905
2018-01-26,284,9888
2018-01-27,231,8866
2018-01-28,243,8325
2018-01-29,252,9921
2018-01-30,280,9651
2018-01-31,254,9106
2018-02-01,250,9403
2018-02-02,250,9160
2018-02-03,211,7704
2018-02-04,220,7100
2018-02-05,215,8853
2018-02-06,235,9131
2018-02-07,224,9133
2018-02-08,234,8175
2018-02-09,222,7335
2018-02-10,211,7068
2018-02-11,196,7094
2018-02-12,265,9245
2018-02-13,256,8774
2018-02-14,218,7890
2018-02-15,202,7111
2018-02-16,176,6649
2018-02-17,204,5870
2018-02-18,173,5533
2018-02-19,203,6943
2018-02-20,158,6753
2018-02-21,147,6439
2018-02-22,155,6079
2018-02-23,130,5438
2018-02-24,120,4746
2018-02-25,129,4785
2018-02-26,160,5946
2018-02-27,157,5795
2018-02-28,139,5567
2018-03-01,138,5205
2018-03-02,115,4727
2018-03-03,105,3814
2018-03-04,146,4312
2018-03-05,134,5272
2018-03-06,114,6287
2018-03-07,99,5192
2018-03-08,135,4927
2018-03-09,112,4519
2018-03-10,76,3600
2018-03-11,93,4029
2018-03-12,102,5371
2018-03-13,111,4880
2018-03-14,117,4570
2018-03-15,77,4396
2018-03-16,95,3951
2018-03-17,71,3101
2018-03-18,92,3363
2018-03-19,106,4326
2018-03-20,110,4484
2018-03-21,107,4315
2018-03-22,111,4294
2018-03-23,80,3867
2018-03-24,79,2987
2018-03-25,98,3040
2018-03-26,115,4095
2018-03-27,89,3945
2018-03-28,110,4012
2018-03-29,106,3592
2018-03-30,99,3471
2018-03-31,73,2564
2018-04-01,69,2831
2018-04-02,93,3667
2018-04-03,98,3842
2018-04-04,91,3716
2018-04-05,99,3601
2018-04-06,66,3082
2018-04-07,76,2537
2018-04-08,70,2727
2018-04-09,81,3501
2018-04-10,85,3460
2018-04-11,84,3689
2018-04-12,72,3568
2018-04-13,78,3044
2018-04-14,62,2332
2018-04-15,76,2996
2018-04-16,72,3385
2018-04-17,74,3433
2018-04-18,78,3448
2018-04-19,73,3147
2018-04-20,58,2932
2018-04-21,58,2572
2018-04-22,59,2889
2018-04-23,79,3259
2018-04-24,80,3467
2018-04-25,87,3547
2018-04-26,85,3212
2018-04-27,74,3109
2018-04-28,50,1998
2018-04-29,61,2213
2018-04-30,67,2975
2018-05-01,82,2968
2018-05-02,65,3015
2018-05-03,77,2929
2018-05-04,78,2643
2018-05-05,68,2074
2018-05-06,68,2327
2018-05-07,47,3001
2018-05-08,69,3060
2018-05-09,74,2842
2018-05-10,81,2828
2018-05-11,50,2429
2018-05-12,41,2127
2018-05-13,56,2129
2018-05-14,72,2995
2018-05-15,67,2817
2018-05-16,61,2908
2018-05-17,87,2796
2018-05-18,69,2448
2018-05-19,56,2020
2018-05-20,41,2154
2018-05-21,61,2924
2018-05-22,79,3163
2018-05-23,59,3092
2018-05-24,56,2763
2018-05-25,51,2463
2018-05-26,40,2026
2018-05-27,69,2173
2018-05-28,82,2626
2018-05-29,78,2721
2018-05-30,66,2819
2018-05-31,87,2553
2018-06-01,63,2333
2018-06-02,49,1858
2018-06-03,51,2186
2018-06-04,66,2814
2018-06-05,81,2990
2018-06-06,87,2809
2018-06-07,74,2694
2018-06-08,60,2289
2018-06-09,48,1932
2018-06-10,58,2169
2018-06-11,54,2706
2018-06-12,59,2364
2018-06-13,65,2532
2018-06-14,59,2292
2018-06-15,68,2094
2018-06-16,41,1704
2018-06-17,58,2159
2018-06-18,55,2708
2018-06-19,65,2612
2018-06-20,51,2560
2018-06-21,56,2479
2018-06-22,51,1964
2018-06-23,58,1786
2018-06-24,44,1922
2018-06-25,74,2450
2018-06-26,45,2369
2018-06-27,52,2425
2018-06-28,70,2332
2018-06-29,53,2118
2018-06-30,57,1690
2018-07-01,49,1893
2018-07-02,68,2299
2018-07-03,59,2194
2018-07-04,62,2283
2018-07-05,62,2102
2018-07-06,52,1784
2018-07-07,69,1790
2018-07-08,53,1970
2018-07-09,57,2188
2018-07-10,57,2278
2018-07-11,44,2244
2018-07-12,72,2207
2018-07-13,56,1925
2018-07-14,38,1812
2018-07-15,50,1981
2018-07-16,58,2296
2018-07-17,50,2207
2018-07-18,60,2191
2018-07-19,59,2120
2018-07-20,45,1961
2018-07-21,69,1924
2018-07-22,63,2290
2018-07-23,100,2550
2018-07-24,62,2376
2018-07-25,60,3084
2018-07-26,50,2178
2018-07-27,49,1695
2018-07-28,75,1610
2018-07-29,63,1864
2018-07-30,71,2147
2018-07-31,70,2128
2018-08-01,64,2194
2018-08-02,63,2182
2018-08-03,64,1856
2018-08-04,62,1632
2018-08-05,60,1764
2018-08-06,64,2211
2018-08-07,76,2301
2018-08-08,71,1890
2018-08-09,49,2032
2018-08-10,56,1780
2018-08-11,50,1560
2018-08-12,48,1856
2018-08-13,51,2054
2018-08-14,72,2054
2018-08-15,52,1999
2018-08-16,50,1966
2018-08-17,60,1842
2018-08-18,39,1562
2018-08-19,51,1843
2018-08-20,63,2287
2018-08-21,64,2035
2018-08-22,59,2037
2018-08-23,53,1911
2018-08-24,64,1960
2018-08-25,34,1679
2018-08-26,62,1774
2018-08-27,68,2305
2018-08-28,67,2171
2018-08-29,87,2329
2018-08-30,50,2314
2018-08-31,53,2018
2018-09-01,44,1640
2018-09-02,56,1819
2018-09-03,60,2109
2018-09-04,91,2451
2018-09-05,77,2655
2018-09-06,76,3101
2018-09-07,69,2396
2018-09-08,66,1906
2018-09-09,59,2239
2018-09-10,90,2796
2018-09-11,73,2896
2018-09-12,79,2747
2018-09-13,79,2761
2018-09-14,66,2383
2018-09-15,60,2052
2018-09-16,63,2101
2018-09-17,88,2923
2018-09-18,79,3090
2018-09-19,67,2805
2018-09-20,195,3073
2018-09-21,75,2642
2018-09-22,60,2239
2018-09-23,70,2432
2018-09-24,87,2958
2018-09-25,87,3298
2018-09-26,112,3154
2018-09-27,92,3084
2018-09-28,102,2748
2018-09-29,73,2197
2018-09-30,83,2635
2018-10-01,115,3314
2018-10-02,97,3444
2018-10-03,85,3482
2018-10-04,84,3299
2018-10-05,84,2860
2018-10-06,86,2354
2018-10-07,93,2597
2018-10-08,111,3197
2018-10-09,132,3523
2018-10-10,126,3272
2018-10-11,95,3364
2018-10-12,78,2902
2018-10-13,60,2534
2018-10-14,78,2785
2018-10-15,82,3493
2018-10-16,91,3620
2018-10-17,108,3561
2018-10-18,92,3402
2018-10-19,90,2894
2018-10-20,81,2790
2018-10-21,72,2910
2018-10-22,108,3631
2018-10-23,103,3777
2018-10-24,106,3541
2018-10-25,101,3507
2018-10-26,80,3129
2018-10-27,66,2592
2018-10-28,72,2768
2018-10-29,101,3613
2018-10-30,93,3666
2018-10-31,91,3429
2018-11-01,84,3171
2018-11-02,97,3169
2018-11-03,73,2504
2018-11-04,86,2767
2018-11-05,118,3638
2018-11-06,84,3480
2018-11-07,92,3363
2018-11-08,76,3299
2018-11-09,75,3027
2018-11-10,67,2580
2018-11-11,76,2967
2018-11-12,93,3761
2018-11-13,89,3770
2018-11-14,90,3932
2018-11-15,86,3713
2018-11-16,78,3370
2018-11-17,68,2634
2018-11-18,70,2947
2018-11-19,85,3870
2018-11-20,80,3601
2018-11-21,84,4970
2018-11-22,69,3562
2018-11-23,100,3384
2018-11-24,88,2908
2018-11-25,61,3138
2018-11-26,101,4084
2018-11-27,90,3843
2018-11-28,101,3964
2018-11-29,88,3653
2018-11-30,73,3371
2018-12-01,60,2599
2018-12-02,72,2793
2018-12-03,105,3641
2018-12-04,85,3759
2018-12-05,88,3715
2018-12-06,82,3700
2018-12-07,72,3115
2018-12-08,73,2542
2018-12-09,105,2987
2018-12-10,127,3786
2018-12-11,85,3553
2018-12-12,96,3407
2018-12-13,79,3543
2018-12-14,73,3202
2018-12-15,79,2564
2018-12-16,86,2778
2018-12-17,87,3526
2018-12-18,81,3605
2018-12-19,97,3409
2018-12-20,111,4472
2018-12-21,89,2861
2018-12-22,75,2504
2018-12-23,87,2641
2018-12-24,75,2735
2018-12-25,60,2678
2018-12-26,89,3165
2018-12-27,90,3507
2018-12-28,104,3727
2018-12-29,94,4006
2018-12-30,99,3474
2018-12-31,96,3298
2019-01-01,65,3026
2019-01-02,114,5217
2019-01-03,120,4169
2019-01-04,118,4199
2019-01-05,113,3637
2019-01-06,99,3865
2019-01-07,128,4736
2019-01-08,125,4701
2019-01-09,108,4746
2019-01-10,100,4606
2019-01-11,89,4258
2019-01-12,108,3743
2019-01-13,96,3702
2019-01-14,135,4549
2019-01-15,128,4560
2019-01-16,107,4350
2019-01-17,92,4367
2019-01-18,98,4249
2019-01-19,74,3625
2019-01-20,97,3749
2019-01-21,127,4451
2019-01-22,112,4987
2019-01-23,124,5086
2019-01-24,121,4919
2019-01-25,116,4641
2019-01-26,101,3622
2019-01-27,102,3673
2019-01-28,133,5046
2019-01-29,97,4997
2019-01-30,117,5135
2019-01-31,131,4569
2019-02-01,103,4566
2019-02-02,86,3588
2019-02-03,111,3755
2019-02-04,113,4649
2019-02-05,106,4761
2019-02-06,142,4792
2019-02-07,133,4991
2019-02-08,115,4414
2019-02-09,90,3646
2019-02-10,104,4257
2019-02-11,133,4821
2019-02-12,124,4559
2019-02-13,96,4640
2019-02-14,102,4289
2019-02-15,98,3868
2019-02-16,104,3347
2019-02-17,90,3311
2019-02-18,113,4074
2019-02-19,102,4306
2019-02-20,112,4197
2019-02-21,103,4102
2019-02-22,93,3706
2019-02-23,104,3028
2019-02-24,95,3325
2019-02-25,105,4071
2019-02-26,102,3950
2019-02-27,115,3878
2019-02-28,96,3848
2019-03-01,98,3346
2019-03-02,72,2687
2019-03-03,73,2859
2019-03-04,95,3799
2019-03-05,94,3853
2019-03-06,91,3734
2019-03-07,81,3713
2019-03-08,88,3180
2019-03-09,76,2755
2019-03-10,75,2982
2019-03-11,96,3722
2019-03-12,98,4134
2019-03-13,89,3812
2019-03-14,87,3546
2019-03-15,76,3045
2019-03-16,58,2576
2019-03-17,79,2732
2019-03-18,109,3548
2019-03-19,86,3482
2019-03-20,89,3234
2019-03-21,99,3245
2019-03-22,71,2801
2019-03-23,69,2587
2019-03-24,68,2561
2019-03-25,88,3359
2019-03-26,96,3401
2019-03-27,60,3294
2019-03-28,91,3297
2019-03-29,69,2736
2019-03-30,72,2366
2019-03-31,58,2532
2019-04-01,77,2986
2019-04-02,81,3788
2019-04-03,74,3180
2019-04-04,74,4215
2019-04-05,70,2673
2019-04-06,48,2430
2019-04-07,73,2375
2019-04-08,72,2994
2019-04-09,75,2921
2019-04-10,69,2938
2019-04-11,68,2986
2019-04-12,54,2421
2019-04-13,51,2044
2019-04-14,47,2141
2019-04-15,64,2761
2019-04-16,67,2794
2019-04-17,58,2653
2019-04-18,79,2510
2019-04-19,56,2135
2019-04-20,67,1857
2019-04-21,51,2021
2019-04-22,56,2580
2019-04-23,77,2761
2019-04-24,57,2836
2019-04-25,79,2589
2019-04-26,67,2355
2019-04-27,64,1844
2019-04-28,83,2092
2019-04-29,57,2756
2019-04-30,46,2728
2019-05-01,67,2525
2019-05-02,80,2600
2019-05-03,66,2254
2019-05-04,55,1941
2019-05-05,51,2082
2019-05-06,77,2643
2019-05-07,66,2546
2019-05-08,68,2527
2019-05-09,53,2529
2019-05-10,54,2262
2019-05-11,55,1891
2019-05-12,63,1940
2019-05-13,85,2648
2019-05-14,57,2600
2019-05-15,57,2700
2019-05-16,43,2506
2019-05-17,65,2261
2019-05-18,43,1788
2019-05-19,42,1912
2019-05-20,89,2665
2019-05-21,63,2948
2019-05-22,68,2653
2019-05-23,67,2527
2019-05-24,48,2160
2019-05-25,72,1855
2019-05-26,68,2023
2019-05-27,67,2411
2019-05-28,64,2500
2019-05-29,59,2527
2019-05-30,63,3613
2019-05-31,57,2159
2019-06-01,52,1734
2019-06-02,47,1746
2019-06-03,61,2282
2019-06-04,65,2339
2019-06-05,61,2197
2019-06-06,45,2009
2019-06-07,54,2079
2019-06-08,53,1871
2019-06-09,43,1776
2019-06-10,52,2370
2019-06-11,59,2226
2019-06-12,54,2312
2019-06-13,71,2278
2019-06-14,34,1925
2019-06-15,48,1687
2019-06-16,50,1807
2019-06-17,55,2281
2019-06-18,42,2387
2019-06-19,49,2364
2019-06-20,70,2268
2019-06-21,48,1916
2019-06-22,40,1630
2019-06-23,53,1824
2019-06-24,51,2276
2019-06-25,42,2211
2019-06-26,52,2176
2019-06-27,47,2069
2019-06-28,36,1787
2019-06-29,35,1510
2019-06-30,46,1728
2019-07-01,51,1984
2019-07-02,57,2027
2019-07-03,49,1950
2019-07-04,44,1938
2019-07-05,58,3047
2019-07-06,28,1765
2019-07-07,49,1814
2019-07-08,61,2110
2019-07-09,56,2392
2019-07-10,43,2182
2019-07-11,53,2186
2019-07-12,36,1942
2019-07-13,41,1610
2019-07-14,46,1772
2019-07-15,70,2119
2019-07-16,83,2643
2019-07-17,73,2525
2019-07-18,45,2095
2019-07-19,36,1783
2019-07-20,45,1744
2019-07-21,41,1846
2019-07-22,45,2183
2019-07-23,52,2152
2019-07-24,49,2016
2019-07-25,43,1972
2019-07-26,44,1701
2019-07-27,28,1508
2019-07-28,41,1687
2019-07-29,70,2501
2019-07-30,42,2358
2019-07-31,41,1839
2019-08-01,66,1875
2019-08-02,39,1817
2019-08-03,48,1777
2019-08-04,44,1882
2019-08-05,76,2167
2019-08-06,39,2049
2019-08-07,56,2109
2019-08-08,54,1919
2019-08-09,31,1779
2019-08-10,92,1823
2019-08-11,62,1641
2019-08-12,54,1823
2019-08-13,48,1823
2019-08-14,33,1791
2019-08-15,42,1796
2019-08-16,51,1615
2019-08-17,36,1602
2019-08-18,45,1766
2019-08-19,71,1995
2019-08-20,42,2132
2019-08-21,48,2121
2019-08-22,62,2104
2019-08-23,40,1786
2019-08-24,64,1533
2019-08-25,68,1677
2019-08-26,57,1815
2019-08-27,61,2217
2019-08-28,86,2220
2019-08-29,78,2240
2019-08-30,86,1967
2019-08-31,96,1646
2019-09-01,72,1860
2019-09-02,60,1998
2019-09-03,52,2286
2019-09-04,50,2433
2019-09-05,57,2249
2019-09-06,56,1960
2019-09-07,51,1663
2019-09-08,56,1920
2019-09-09,76,2299
2019-09-10,65,2376
2019-09-11,73,2475
2019-09-12,63,2420
2019-09-13,81,2261
2019-09-14,61,1887
2019-09-15,73,1976
2019-09-16,141,2623
2019-09-17,174,2806
2019-09-18,137,2929
2019-09-19,74,2719
2019-09-20,129,2455
2019-09-21,138,2223
2019-09-22,121,2224
2019-09-23,108,2779
2019-09-24,88,3067
2019-09-25,78,2926
2019-09-26,75,2836
2019-09-27,72,2455
2019-09-28,58,2082
2019-09-29,57,2364
2019-09-30,60,3009
2019-10-01,77,3052
2019-10-02,76,3073
2019-10-03,60,2810
2019-10-04,66,2621
2019-10-05,60,2127
2019-10-06,64,2345
2019-10-07,102,4134
2019-10-08,94,3190
2019-10-09,90,3286
2019-10-10,64,3286
2019-10-11,79,2832
2019-10-12,53,2237
2019-10-13,71,2565
2019-10-14,105,3081
2019-10-15,91,3378
2019-10-16,187,3105
2019-10-17,1260,3007
2019-10-18,660,2810
2019-10-19,202,2452
2019-10-20,100,2500
2019-10-21,111,3394
2019-10-22,1384,3343
2019-10-23,93,3506
2019-10-24,91,3185
2019-10-25,69,2870
2019-10-26,61,2236
2019-10-27,67,2366
2019-10-28,99,3042
2019-10-29,68,3178
2019-10-30,75,3032
2019-10-31,77,2950
2019-11-01,60,2706
2019-11-02,67,2498
2019-11-03,106,2692
2019-11-04,116,3600
2019-11-05,116,3515
2019-11-06,79,3460
2019-11-07,104,3508
2019-11-08,95,3115
2019-11-09,62,2655
2019-11-10,64,2903
2019-11-11,96,3960
2019-11-12,91,4845
2019-11-13,92,5067
2019-11-14,97,4231
2019-11-15,84,3088
2019-11-16,68,2627
2019-11-17,88,2843
2019-11-18,101,3478
2019-11-19,99,3603
2019-11-20,85,3566
2019-11-21,91,3419
2019-11-22,67,2951
2019-11-23,57,2506
2019-11-24,87,2954
2019-11-25,126,3786
2019-11-26,76,3420
2019-11-27,81,3361
2019-11-28,69,3246
2019-11-29,82,2869
2019-11-30,61,2625
2019-12-01,70,2994
2019-12-02,84,3715
2019-12-03,107,3655
2019-12-04,114,3759
2019-12-05,75,3635
2019-12-06,95,3590
2019-12-07,985,3102
2019-12-08,100,3435
2019-12-09,110,3845
2019-12-10,107,3767
2019-12-11,100,3971
2019-12-12,105,3462
2019-12-13,86,3276
2019-12-14,77,2755
2019-12-15,56,3008
2019-12-16,105,3945
2019-12-17,95,5075
2019-12-18,90,4943
2019-12-19,77,3838
2019-12-20,65,3136
2019-12-21,83,2888
2019-12-22,76,3262
2019-12-23,112,3365
2019-12-24,98,3234
2019-12-25,84,3150
2019-12-26,105,3605
2019-12-27,97,3660
2019-12-28,109,3727
2019-12-29,110,3786
2019-12-30,86,3924
2019-12-31,96,3492
2020-01-01,79,3256
2020-01-02,103,4516
2020-01-03,107,4603
2020-01-04,102,4142
2020-01-05,113,4005
2020-01-06,113,4700
2020-01-07,128,5103
2020-01-08,119,5735
2020-01-09,116,5131
2020-01-10,97,4708
2020-01-11,89,4378
2020-01-12,82,3950
2020-01-13,129,5551
2020-01-14,95,6176
2020-01-15,103,6011
2020-01-16,129,5656
2020-01-17,100,4625
2020-01-18,79,4232
2020-01-19,110,3781
2020-01-20,153,5094
2020-01-21,237,7194
2020-01-22,295,9702
2020-01-23,280,12950
2020-01-24,340,15885
2020-01-25,333,17189
2020-01-26,370,19019
2020-01-27,482,21048
2020-01-28,453,22858
2020-01-29,471,22957
2020-01-30,534,26375
2020-01-31,489,27748
2020-02-01,357,18819
2020-02-02,364,17321
2020-02-03,420,17472
2020-02-04,365,15566
2020-02-05,310,14189
2020-02-06,302,14074
2020-02-07,290,12514
2020-02-08,264,11458
2020-02-09,242,11444
2020-02-10,349,12584
2020-02-11,297,12652
2020-02-12,256,10747
2020-02-13,243,11140
2020-02-14,212,8967
2020-02-15,161,8125
2020-02-16,184,7489
2020-02-17,199,8506
2020-02-18,214,9680
2020-02-19,170,8729
2020-02-20,172,7905
2020-02-21,196,8384
2020-02-22,189,9506
2020-02-23,240,13524
2020-02-24,450,21924
2020-02-25,543,29618
2020-02-26,588,35886
2020-02-27,768,42070
2020-02-28,672,40299
2020-02-29,561,23238
2020-03-01,471,20190
2020-03-02,689,23761
2020-03-03,637,22671
2020-03-04,557,21343
2020-03-05,576,21094
2020-03-06,569,20887
2020-03-07,485,19590
2020-03-08,498,21757
2020-03-09,774,26268
2020-03-10,814,28978
2020-03-11,932,34366
2020-03-12,1167,47607
2020-03-13,1028,44801
2020-03-14,893,38337
2020-03-15,795,38422
2020-03-16,876,39562
2020-03-17,836,37810
2020-03-18,776,39003
2020-03-19,728,36555
2020-03-20,780,35108
2020-03-21,681,34095
2020-03-22,718,34056
2020-03-23,670,30577
2020-03-24,624,29278
2020-03-25,574,27650
2020-03-26,610,27753
2020-03-27,621,28858
2020-03-28,587,27174
2020-03-29,610,27487
2020-03-30,525,24020
2020-03-31,473,21701
2020-04-01,481,22495
2020-04-02,505,21499
2020-04-03,404,19533
2020-04-04,394,19487
2020-04-05,397,19127
2020-04-06,413,17892
2020-04-07,348,15117
2020-04-08,325,14254
2020-04-09,284,14412
2020-04-10,310,14516
2020-04-11,256,13856
2020-04-12,275,13409
2020-04-13,267,12798
2020-04-14,262,12193
2020-04-15,287,12158
2020-04-16,263,11854
2020-04-17,262,11214
2020-04-18,247,10765
2020-04-19,289,11307
2020-04-20,292,10809
2020-04-21,285,11171
2020-04-22,259,11977
2020-04-23,240,11306
2020-04-24,204,9832
2020-04-25,230,9317
2020-04-26,228,9801
2020-04-27,251,9455
2020-04-28,233,9416
2020-04-29,235,9424
2020-04-30,194,8465
2020-05-01,157,7650
2020-05-02,148,7273
2020-05-03,135,7555
2020-05-04,169,7739
2020-05-05,155,7646
2020-05-06,180,7313
2020-05-07,166,7415
2020-05-08,130,6330
2020-05-09,145,6117
2020-05-10,123,6508
2020-05-11,140,6811
2020-05-12,147,6517
2020-05-13,143,6421
2020-05-14,155,7538
2020-05-15,113,6658
2020-05-16,120,6140
2020-05-17,98,6199
2020-05-18,142,6278
2020-05-19,134,5704
2020-05-20,131,5451
2020-05-21,107,5464
2020-05-22,138,5016
2020-05-23,87,4433
2020-05-24,114,4688
2020-05-25,118,4593
2020-05-26,102,4856
2020-05-27,113,4698
2020-05-28,127,4517
2020-05-29,98,3850
2020-05-30,62,3497
2020-05-31,80,3373
2020-06-01,66,3444
2020-06-02,74,3147
2020-06-03,70,3241
2020-06-04,87,3111
2020-06-05,75,2949
2020-06-06,63,2879
2020-06-07,87,3132
2020-06-08,77,3302
2020-06-09,63,3187
2020-06-10,67,3099
2020-06-11,70,3106
2020-06-12,61,3097
2020-06-13,78,2809
2020-06-14,55,2884
2020-06-15,60,3161
2020-06-16,72,3118
2020-06-17,81,2971
2020-06-18,65,2996
2020-06-19,80,2951
2020-06-20,62,3307
2020-06-21,65,3823
2020-06-22,76,3686
2020-06-23,68,3373
2020-06-24,76,3267
2020-06-25,71,3342
2020-06-26,64,3224
2020-06-27,83,3215
2020-06-28,82,3407
2020-06-29,86,3835
2020-06-30,95,4648
2020-07-01,83,3631
2020-07-02,82,3655
2020-07-03,93,3400
2020-07-04,79,2977
2020-07-05,63,3145
2020-07-06,78,3535
2020-07-07,111,3421
2020-07-08,105,3519
2020-07-09,81,3578
2020-07-10,72,3307
2020-07-11,65,3051
2020-07-12,64,3256
2020-07-13,100,3786
2020-07-14,105,3926
2020-07-15,88,3785
2020-07-16,92,3659
2020-07-17,74,3578
2020-07-18,77,3310
2020-07-19,88,3687
2020-07-20,84,3794
2020-07-21,79,3489
2020-07-22,82,3587
2020-07-23,99,3594
2020-07-24,104,3342
2020-07-25,87,3102
2020-07-26,61,3238
2020-07-27,73,3327
2020-07-28,79,3259
2020-07-29,82,3371
2020-07-30,73,3264
2020-07-31,98,3076
2020-08-01,68,2750
2020-08-02,77,3073
2020-08-03,82,3373
2020-08-04,84,3350
2020-08-05,84,3212
2020-08-06,68,3121
2020-08-07,61,2824
2020-08-08,76,2708
2020-08-09,92,2949
2020-08-10,75,3162
2020-08-11,86,3537
2020-08-12,71,3073
2020-08-13,69,3005
2020-08-14,84,2939
2020-08-15,67,2590
2020-08-16,61,2814
2020-08-17,74,3223
2020-08-18,88,3127
2020-08-19,61,3272
2020-08-20,67,2910
2020-08-21,81,2741
2020-08-22,59,2837
2020-08-23,67,3135
2020-08-24,75,3230
2020-08-25,70,3077
2020-08-26,75,2927
2020-08-27,83,2868
2020-08-28,66,2852
2020-08-29,61,2717
2020-08-30,73,3006
2020-08-31,66,3301
2020-09-01,62,2957
2020-09-02,66,2883
2020-09-03,80,2974
2020-09-04,53,2710
2020-09-05,66,2425
2020-09-06,52,2619
2020-09-07,73,3084
2020-09-08,60,3149
2020-09-09,66,3272
2020-09-10,88,3414
2020-09-11,78,3290
2020-09-12,60,2885
2020-09-13,49,2731
2020-09-14,85,3271
2020-09-15,78,3396
2020-09-16,83,3511
2020-09-17,88,3641
2020-09-18,76,3712
2020-09-19,72,2791
2020-09-20,70,3009
2020-09-21,104,3836
2020-09-22,96,4178
2020-09-23,89,4050
2020-09-24,84,3859
2020-09-25,76,3620
2020-09-26,77,3221
2020-09-27,80,3238
2020-09-28,76,3773
2020-09-29,96,4445
2020-09-30,70,3393
2020-10-01,87,3213
2020-10-02,93,3468
2020-10-03,73,3387
2020-10-04,70,3286
2020-10-05,106,4156
2020-10-06,155,5499
2020-10-07,121,5106
2020-10-08,127,4651
2020-10-09,84,3873
2020-10-10,80,3374
2020-10-11,86,3658
2020-10-12,99,4247
2020-10-13,80,4554
2020-10-14,104,4145
2020-10-15,87,4287
2020-10-16,77,3800
2020-10-17,85,3575
2020-10-18,93,3708
2020-10-19,102,4486
2020-10-20,84,4584
2020-10-21,114,4561
2020-10-22,85,4319
2020-10-23,83,4047
2020-10-24,71,3567
2020-10-25,76,3917
2020-10-26,107,4515
2020-10-27,108,4572
2020-10-28,94,4794
2020-10-29,97,4572
2020-10-30,84,4385
2020-10-31,61,3741
2020-11-01,89,3847
2020-11-02,81,4534
2020-11-03,84,3961
2020-11-04,68,3366
2020-11-05,78,3703
2020-11-06,77,3428
2020-11-07,52,2999
2020-11-08,77,3066
2020-11-09,88,4263
2020-11-10,83,3730
2020-11-11,79,3766
2020-11-12,83,3882
2020-11-13,90,3691
2020-11-14,70,3208
2020-11-15,80,3511
2020-11-16,112,4361
2020-11-17,93,4293
2020-11-18,96,4181
2020-11-19,98,4190
2020-11-20,93,3855
2020-11-21,88,3482
2020-11-22,101,3674
2020-11-23,110,4347
2020-11-24,82,3908
2020-11-25,90,3687
2020-11-26,89,3598
2020-11-27,86,3264
2020-11-28,78,3432
2020-11-29,77,3498
2020-11-30,93,3645
2020-12-01,84,3827
2020-12-02,92,4025
2020-12-03,88,4129
2020-12-04,83,3934
2020-12-05,84,3818
2020-12-06,86,3737
2020-12-07,90,4054
2020-12-08,96,4032
2020-12-09,72,3973
2020-12-10,86,3928
2020-12-11,88,3657
2020-12-12,61,3152
2020-12-13,58,3331
2020-12-14,88,4000
2020-12-15,83,3913
2020-12-16,97,3587
2020-12-17,81,3616
2020-12-18,99,3513
2020-12-19,78,3456
2020-12-20,70,4131
2020-12-21,120,4699
2020-12-22,83,3818
2020-12-23,74,3297
2020-12-24,59,3805
2020-12-25,53,2930
2020-12-26,57,3157
2020-12-27,72,3379
2020-12-28,82,3542
2020-12-29,89,3951
2020-12-30,85,3980
2020-12-31,77,3644
2021-01-01,66,3212
2021-01-02,76,3408
2021-01-03,92,3645
2021-01-04,88,4028
2021-01-05,87,4462
2021-01-06,105,4083
2021-01-07,91,3434
2021-01-08,72,3520
2021-01-09,94,3159
2021-01-10,78,3358
2021-01-11,90,3633
2021-01-12,81,3651
2021-01-13,75,3403
2021-01-14,94,3599
2021-01-15,89,3763
2021-01-16,59,3101
2021-01-17,62,2925
2021-01-18,81,3167
2021-01-19,85,3225
2021-01-20,75,3283
2021-01-21,81,3052
2021-01-22,67,3287
2021-01-23,60,2901
2021-01-24,63,2976
2021-01-25,88,3461
2021-01-26,78,3365
2021-01-27,74,3266
2021-01-28,56,2848
2021-01-29,59,2906
2021-01-30,65,2485
2021-01-31,62,3124
2021-02-01,78,2948
2021-02-02,69,2945
2021-02-03,74,2853
2021-02-04,69,2974
2021-02-05,67,2799
2021-02-06,35,2426
2021-02-07,54,2744
2021-02-08,67,2892
2021-02-09,74,2894
2021-02-10,58,2887
2021-02-11,54,2839
2021-02-12,57,2570
2021-02-13,51,2513
2021-02-14,58,2521
2021-02-15,78,2652
2021-02-16,63,2747
2021-02-17,61,2652
2021-02-18,63,2571
2021-02-19,60,2732
2021-02-20,58,3078
2021-02-21,58,3201
2021-02-22,75,3551
2021-02-23,67,3360
2021-02-24,87,3452
2021-02-25,68,3486
2021-02-26,52,2916
2021-02-27,48,2641
2021-02-28,49,2821
2021-03-01,67,3202
2021-03-02,79,3237
2021-03-03,59,3123
2021-03-04,92,3164
2021-03-05,63,2608
2021-03-06,50,2530
2021-03-07,55,2726
2021-03-08,56,2902
2021-03-09,76,2752
2021-03-10,65,2874
2021-03-11,64,2860
2021-03-12,55,2696
2021-03-13,59,2354
2021-03-14,65,2585
2021-03-15,76,2844
2021-03-16,79,2871
2021-03-17,67,2745
2021-03-18,61,2743
2021-03-19,69,2524
2021-03-20,63,2334
2021-03-21,54,2392
2021-03-22,80,2749
2021-03-23,86,2876
2021-03-24,79,2952
2021-03-25,70,2762
2021-03-26,68,2590
2021-03-27,61,2222
2021-03-28,62,2350
2021-03-29,68,2785
2021-03-30,72,2689
2021-03-31,76,2593
2021-04-01,60,2460
2021-04-02,54,2466
2021-04-03,62,2273
2021-04-04,54,2371
2021-04-05,79,2798
2021-04-06,65,2836
2021-04-07,77,2785
2021-04-08,65,2675
2021-04-09,70,2585
2021-04-10,56,2276
2021-04-11,70,2491
2021-04-12,53,2817
2021-04-13,67,2673
2021-04-14,53,2751
2021-04-15,71,2986
2021-04-16,65,3286
2021-04-17,76,2802
2021-04-18,67,2825
2021-04-19,93,2924
2021-04-20,59,2835
2021-04-21,78,2909
2021-04-22,63,3155
2021-04-23,55,2853
2021-04-24,53,2653
2021-04-25,52,2700
2021-04-26,56,3075
2021-04-27,64,3178
2021-04-28,66,3048
2021-04-29,74,3111
2021-04-30,65,3354
2021-05-01,45,3042
2021-05-02,56,2512
2021-05-03,60,3022
2021-05-04,54,3116
2021-05-05,72,3087
2021-05-06,64,3031
2021-05-07,53,2798
2021-05-08,44,2372
2021-05-09,62,2544
2021-05-10,61,2974
2021-05-11,52,2834
2021-05-12,57,2844
2021-05-13,60,2624
2021-05-14,60,2601
2021-05-15,41,2434
2021-05-16,38,2325
2021-05-17,52,2836
2021-05-18,60,2849
2021-05-19,55,2547
2021-05-20,60,2774
2021-05-21,55,2623
2021-05-22,43,2204
2021-05-23,50,2427
2021-05-24,58,2734
2021-05-25,53,2659
2021-05-26,60,2533
2021-05-27,58,2545
2021-05-28,49,2374
2021-05-29,38,2116
2021-05-30,35,2110
2021-05-31,44,2400
2021-06-01,60,3846
2021-06-02,57,3840
2021-06-03,44,2888
2021-06-04,45,2506
2021-06-05,49,2089
2021-06-06,50,2189
2021-06-07,52,2321
2021-06-08,44,2277
2021-06-09,42,2168
2021-06-10,55,2057
2021-06-11,39,1878
2021-06-12,53,1845
2021-06-13,44,1768
2021-06-14,47,2098
2021-06-15,41,2064
2021-06-16,54,2296
2021-06-17,38,1981
2021-06-18,56,1919
2021-06-19,44,1745
2021-06-20,36,1814
2021-06-21,52,2097
2021-06-22,52,2015
2021-06-23,46,1984
2021-06-24,46,1963
2021-06-25,37,1845
2021-06-26,41,1817
2021-06-27,42,1843
2021-06-28,47,2142
2021-06-29,40,2242
2021-06-30,52,2227
2021-07-01,55,2227
2021-07-02,49,1998
2021-07-03,33,1707
2021-07-04,46,1912
2021-07-05,50,2285
2021-07-06,55,2486
2021-07-07,52,2264
2021-07-08,61,2331
2021-07-09,49,2378
2021-07-10,45,2044
2021-07-11,33,1947
2021-07-12,39,2071
2021-07-13,50,2450
2021-07-14,49,2284
2021-07-15,41,2376
2021-07-16,25,2289
2021-07-17,51,2193
2021-07-18,32,2236
2021-07-19,48,2443
2021-07-20,55,2350
2021-07-21,47,2431
2021-07-22,55,2407
2021-07-23,53,2307
2021-07-24,51,2128
2021-07-25,50,2365
2021-07-26,61,2493
2021-07-27,66,2648
2021-07-28,56,2630
2021-07-29,71,2765
2021-07-30,43,3219
2021-07-31,47,2468
2021-08-01,54,2383
2021-08-02,55,2708
2021-08-03,66,2693
2021-08-04,51,2961
2021-08-05,62,2725
2021-08-06,64,2896
2021-08-07,60,2940
2021-08-08,68,3106
2021-08-09,62,3381
2021-08-10,77,3137
2021-08-11,70,3245
2021-08-12,69,3093
2021-08-13,63,2899
2021-08-14,59,2659
2021-08-15,45,2619
2021-08-16,63,2649
2021-08-17,57,2709
2021-08-18,52,2920
2021-08-19,65,3058
2021-08-20,67,2762
2021-08-21,45,2497
2021-08-22,49,2531
2021-08-23,79,3077
2021-08-24,73,3283
2021-08-25,65,3220
2021-08-26,75,2946
2021-08-27,48,2659
2021-08-28,52,2328
2021-08-29,55,2456
2021-08-30,75,2827
2021-08-31,66,2771
2021-09-01,46,2915
2021-09-02,81,2908
2021-09-03,73,2759
2021-09-04,70,2339
2021-09-05,61,2451
2021-09-06,65,2690
2021-09-07,86,2900
2021-09-08,66,3792
2021-09-09,67,3137
2021-09-10,73,2946
2021-09-11,52,2441
2021-09-12,63,2682
2021-09-13,92,3334
2021-09-14,93,3554
2021-09-15,66,2960
2021-09-16,63,2964
2021-09-17,70,2851
2021-09-18,53,2403
2021-09-19,46,2596
2021-09-20,62,2899
2021-09-21,50,3115
2021-09-22,66,2880
2021-09-23,69,2812
2021-09-24,57,2480
2021-09-25,44,2234
2021-09-26,32,2227
2021-09-27,52,2692
2021-09-28,89,2726
2021-09-29,50,2858
2021-09-30,52,2662
2021-10-01,54,2672
2021-10-02,47,2429
2021-10-03,46,2384
2021-10-04,64,2621
2021-10-05,59,2611
2021-10-06,81,2674
2021-10-07,56,2653
2021-10-08,59,2582
2021-10-09,57,2109
2021-10-10,63,2222
2021-10-11,60,2648
2021-10-12,58,2682
2021-10-13,69,2514
2021-10-14,63,2664
2021-10-15,62,2408
2021-10-16,39,1994
2021-10-17,58,2213
2021-10-18,65,2519
2021-10-19,79,2740
2021-10-20,53,2655
2021-10-21,61,2641
2021-10-22,52,2245
2021-10-23,57,2084
2021-10-24,50,2099
2021-10-25,57,2567
2021-10-26,73,2671
2021-10-27,73,2604
2021-10-28,68,2526
2021-10-29,44,2373
2021-10-30,44,2098
2021-10-31,41,2100
2021-11-01,48,2618
2021-11-02,59,2602
2021-11-03,65,2280
2021-11-04,55,2545
2021-11-05,47,2366
2021-11-06,38,1861
2021-11-07,51,2038
2021-11-08,51,2432
2021-11-09,60,2436
2021-11-10,79,2478
2021-11-11,63,2329
2021-11-12,46,2262
2021-11-13,48,1929
2021-11-14,43,2026
2021-11-15,70,2555
2021-11-16,63,2596
2021-11-17,68,2747
2021-11-18,57,4477
2021-11-19,47,2677
2021-11-20,45,2239
2021-11-21,46,2364
2021-11-22,51,2857
2021-11-23,60,2859
2021-11-24,64,2644
2021-11-25,60,2588
2021-11-26,54,3268
2021-11-27,64,3124
2021-11-28,66,3939
2021-11-29,81,4028
2021-11-30,86,4098
2021-12-01,72,3344
2021-12-02,90,3548
2021-12-03,78,3232
2021-12-04,73,2784
2021-12-05,62,2969
2021-12-06,84,3232
2021-12-07,87,3251
2021-12-08,70,3309
2021-12-09,90,3102
2021-12-10,61,2884
2021-12-11,65,2455
2021-12-12,61,2692
2021-12-13,81,3134
2021-12-14,65,3273
2021-12-15,79,3363
2021-12-16,68,4056
2021-12-17,65,3848
2021-12-18,75,3399
2021-12-19,71,3362
2021-12-20,98,3811
2021-12-21,83,4052
2021-12-22,94,4113
2021-12-23,72,3971
2021-12-24,67,3521
2021-12-25,66,3314
2021-12-26,79,3374
2021-12-27,99,3925
2021-12-28,108,4164
2021-12-29,93,4536
2021-12-30,86,4240
2021-12-31,98,4042
2022-01-01,118,5001
2022-01-02,91,4933
2022-01-03,138,5514
2022-01-04,116,5923
2022-01-05,127,6181
2022-01-06,103,6295
2022-01-07,99,5432
2022-01-08,104,4699
2022-01-09,86,4674
2022-01-10,101,4818
2022-01-11,113,4680
2022-01-12,97,4366
2022-01-13,74,4244
2022-01-14,99,3696
2022-01-15,77,3380
2022-01-16,74,3185
2022-01-17,79,3415
2022-01-18,76,3816
2022-01-19,91,3686
2022-01-20,71,3587
2022-01-21,68,3145
2022-01-22,72,2995
2022-01-23,78,2845
2022-01-24,95,3151
2022-01-25,69,2962
2022-01-26,64,3152
2022-01-27,75,2991
2022-01-28,68,3304
2022-01-29,61,2793
2022-01-30,63,2298
2022-01-31,75,2790
2022-02-01,59,2900
2022-02-02,65,2680
2022-02-03,56,3078
2022-02-04,66,2455
2022-02-05,48,2056
2022-02-06,66,2270
2022-02-07,69,2693
2022-02-08,61,2651
2022-02-09,65,2449
2022-02-10,70,2408
2022-02-11,51,2167
2022-02-12,56,1831
2022-02-13,52,2018
2022-02-14,52,2205
2022-02-15,51,2244
2022-02-16,61,2368
2022-02-17,64,2200
2022-02-18,49,2112
2022-02-19,50,1958
2022-02-20,72,2105
2022-02-21,40,2103
2022-02-22,56,2433
2022-02-23,59,2551
2022-02-24,49,1858
2022-02-25,31,1681
2022-02-26,35,1372
2022-02-27,43,1506
2022-02-28,40,1679
2022-03-01,51,1696
2022-03-02,53,1649
2022-03-03,52,1888
2022-03-04,47,1757
2022-03-05,40,1344
2022-03-06,24,1493
2022-03-07,66,1918
2022-03-08,40,1960
2022-03-09,40,1838
2022-03-10,42,1925
2022-03-11,49,1758
2022-03-12,37,1564
2022-03-13,27,1601
2022-03-14,49,2016
2022-03-15,43,1847
2022-03-16,47,1928
2022-03-17,56,1939
2022-03-18,36,1704
2022-03-19,30,1887
2022-03-20,42,1691
2022-03-21,58,1962
2022-03-22,43,1841
2022-03-23,61,2132
2022-03-24,38,1980
2022-03-25,31,2000
2022-03-26,43,1673
2022-03-27,34,1609
2022-03-28,38,1949
2022-03-29,39,1946
2022-03-30,48,2085
2022-03-31,37,1905
2022-04-01,45,1916
2022-04-02,35,1407
2022-04-03,37,1579
2022-04-04,49,1889
2022-04-05,44,2002
2022-04-06,41,2009
2022-04-07,61,2110
2022-04-08,47,1871
2022-04-09,45,1714
2022-04-10,47,1629
2022-04-11,51,2100
2022-04-12,46,2082
2022-04-13,55,1848
2022-04-14,38,1797
2022-04-15,40,1686
2022-04-16,45,1555
2022-04-17,46,1642
2022-04-18,52,1810
2022-04-19,71,2003
2022-04-20,59,2003
2022-04-21,55,1987
2022-04-22,63,1771
2022-04-23,40,1620
2022-04-24,43,1728
2022-04-25,66,1869
2022-04-26,62,2135
2022-04-27,50,2065
2022-04-28,54,2004
2022-04-29,40,1761
2022-04-30,45,1377
2022-05-01,37,1227
2022-05-02,63,1823
2022-05-03,63,1680
2022-05-04,51,1847
2022-05-05,63,1885
2022-05-06,42,1795
2022-05-07,41,1372
2022-05-08,48,1491
2022-05-09,59,1691
2022-05-10,47,1647
2022-05-11,60,1822
2022-05-12,75,1733
2022-05-13,39,1638
2022-05-14,44,1415
2022-05-15,55,1407
2022-05-16,55,1789
2022-05-17,37,1821
2022-05-18,53,1739
2022-05-19,61,1796
2022-05-20,50,1696
2022-05-21,49,1521
2022-05-22,44,1571
2022-05-23,55,1945
2022-05-24,44,1987
2022-05-25,45,1842
2022-05-26,47,1603
2022-05-27,38,1669
2022-05-28,35,1488
2022-05-29,49,1529
2022-05-30,52,1818
2022-05-31,43,1641
2022-06-01,52,1806
2022-06-02,40,1653
2022-06-03,37,1556
2022-06-04,53,1409
2022-06-05,33,1494
2022-06-06,52,1658
2022-06-07,50,1814
2022-06-08,58,1657
2022-06-09,42,1531
2022-06-10,35,1467
2022-06-11,44,1381
2022-06-12,36,1400
2022-06-13,51,1568
2022-06-14,50,1607
2022-06-15,51,1950
2022-06-16,58,1701
2022-06-17,46,1565
2022-06-18,38,1439
2022-06-19,41,1366
2022-06-20,46,1626
2022-06-21,45,1691
2022-06-22,34,1421
2022-06-23,41,1312
2022-06-24,36,1332
2022-06-25,36,1373
2022-06-26,41,1337
2022-06-27,40,1439
2022-06-28,48,1531
2022-06-29,52,1427
2022-06-30,30,1377
2022-07-01,37,1896
2022-07-02,32,1655
2022-07-03,31,1306
2022-07-04,58,1417
2022-07-05,45,1464
2022-07-06,28,1345
2022-07-07,35,1320
2022-07-08,32,1469
2022-07-09,42,1986
2022-07-10,31,1366
2022-07-11,41,1449
2022-07-12,36,1524
2022-07-13,48,1493
2022-07-14,28,1491
2022-07-15,50,1342
2022-07-16,36,1187
2022-07-17,35,1321
2022-07-18,30,1547
2022-07-19,31,1523
2022-07-20,44,1510
2022-07-21,28,1417
2022-07-22,38,1382
2022-07-23,41,1236
2022-07-24,26,1335
2022-07-25,35,1304
2022-07-26,40,1616
2022-07-27,36,1468
2022-07-28,34,1416
2022-07-29,33,1393
2022-07-30,32,1125
2022-07-31,18,1231
2022-08-01,30,1242
2022-08-02,26,1342
2022-08-03,45,1343
2022-08-04,35,1463
2022-08-05,30,1425
2022-08-06,30,1305
2022-08-07,38,1505
2022-08-08,29,1293
2022-08-09,40,1459
2022-08-10,34,1481
2022-08-11,43,1421
2022-08-12,35,1570
2022-08-13,31,1775
2022-08-14,30,1272
2022-08-15,23,1294
2022-08-16,43,1579
2022-08-17,34,1352
2022-08-18,33,1471
2022-08-19,35,1494
2022-08-20,41,1165
2022-08-21,32,1395
2022-08-22,39,1331
2022-08-23,46,1354
2022-08-24,47,1625
2022-08-25,38,1466
2022-08-26,27,1206
2022-08-27,29,1219
2022-08-28,24,1200
2022-08-29,33,1260
2022-08-30,48,1225
2022-08-31,41,1357
2022-09-01,35,1421
2022-09-02,28,1520
2022-09-03,52,1316
2022-09-04,23,1278
2022-09-05,45,1513
2022-09-06,36,1615
2022-09-07,41,1485
2022-09-08,35,1507
2022-09-09,29,1468
2022-09-10,23,1439
2022-09-11,38,1301
2022-09-12,37,1502
2022-09-13,35,1674
2022-09-14,52,1673
2022-09-15,39,1808
2022-09-16,34,1955
2022-09-17,28,1403
2022-09-18,27,1896
2022-09-19,59,1986
2022-09-20,47,1823
2022-09-21,33,1964
2022-09-22,30,1897
2022-09-23,61,1509
2022-09-24,35,1597
2022-09-25,35,1468
2022-09-26,34,1704
2022-09-27,50,1655
2022-09-28,35,1820
2022-09-29,48,1720
2022-09-30,41,1737
2022-10-01,38,1553
2022-10-02,35,1528
2022-10-03,42,1713
2022-10-04,56,1903
2022-10-05,43,1954
2022-10-06,43,1895
2022-10-07,53,1680
2022-10-08,33,1703
2022-10-09,39,2045
2022-10-10,40,2198
2022-10-11,52,1786
2022-10-12,38,1938
2022-10-13,61,1983
2022-10-14,51,1883
2022-10-15,34,1578
2022-10-16,44,1662
2022-10-17,42,1954
2022-10-18,44,1905
2022-10-19,53,2319
2022-10-20,54,1842
2022-10-21,46,1775
2022-10-22,57,1595
2022-10-23,42,1694
2022-10-24,71,1937
2022-10-25,63,2406
2022-10-26,61,2212
2022-10-27,51,2026
2022-10-28,49,2123
2022-10-29,48,1764
2022-10-30,30,1653
2022-10-31,51,1948
2022-11-01,67,1955
2022-11-02,54,2101
2022-11-03,40,2012
2022-11-04,58,2161
2022-11-05,47,1752
2022-11-06,40,1723
2022-11-07,59,1972
2022-11-08,57,2123
2022-11-09,41,2225
2022-11-10,55,2036
2022-11-11,48,2061
2022-11-12,45,1894
2022-11-13,53,1845
2022-11-14,50,2350
2022-11-15,68,2385
2022-11-16,45,2250
2022-11-17,49,2325
2022-11-18,57,2089
2022-11-19,51,1898
2022-11-20,54,1924
2022-11-21,67,2253
2022-11-22,63,2298
2022-11-23,70,2313
2022-11-24,66,2230
2022-11-25,50,2440
2022-11-26,53,1957
2022-11-27,70,2253
2022-11-28,80,2707
2022-11-29,70,2810
2022-11-30,74,2925
2022-12-01,74,2642
2022-12-02,67,2717
2022-12-03,57,2122
2022-12-04,53,2075
2022-12-05,76,2741
2022-12-06,66,3005
2022-12-07,76,3038
2022-12-08,59,2894
2022-12-09,66,2670
2022-12-10,69,2155
2022-12-11,65,2414
2022-12-12,87,2874
2022-12-13,79,2816
2022-12-14,87,2806
2022-12-15,67,2708
2022-12-16,67,2803
2022-12-17,72,2342
2022-12-18,56,2240
2022-12-19,83,2594
2022-12-20,66,2992
2022-12-21,74,2857
2022-12-22,76,2698
2022-12-23,65,2451
2022-12-24,80,1947
2022-12-25,56,1979
2022-12-26,54,2229
2022-12-27,79,2686
2022-12-28,67,2675
2022-12-29,75,2660
2022-12-30,61,2441
2022-12-31,52,1982
2023-01-01,69,1682
2023-01-02,57,2507
2023-01-03,73,2560
2023-01-04,73,2472
2023-01-05,85,2364
2023-01-06,53,2232
2023-01-07,47,2118
2023-01-08,42,2029
2023-01-09,66,2294
2023-01-10,43,2085
2023-01-11,41,2153
2023-01-12,68,2160
2023-01-13,40,2024
2023-01-14,41,1697
2023-01-15,43,1875
2023-01-16,50,2046
2023-01-17,44,2196
2023-01-18,52,2477
2023-01-19,28,2227
2023-01-20,26,1816
2023-01-21,25,1517
2023-01-22,24,1926
2023-01-23,29,1802
2023-01-24,22,1969
2023-01-25,48,1689
2023-01-26,30,1659
2023-01-27,27,1655
2023-01-28,26,1539
2023-01-29,32,1500
2023-01-30,41,1570
2023-01-31,34,1698
2023-02-01,42,1735
2023-02-02,30,1934
2023-02-03,31,1767
2023-02-04,31,1413
2023-02-05,35,1469
2023-02-06,31,1661
2023-02-07,42,1699
2023-02-08,41,2021
2023-02-09,32,1693
2023-02-10,43,1575
2023-02-11,26,1403
2023-02-12,36,1352
2023-02-13,35,1804
2023-02-14,31,1611
2023-02-15,40,1802
2023-02-16,43,1714
2023-02-17,43,1751
2023-02-18,33,1343
2023-02-19,29,1484
2023-02-20,37,1637
2023-02-21,35,1656
2023-02-22,38,1675
2023-02-23,27,1652
2023-02-24,33,1688
2023-02-25,20,1391
2023-02-26,28,1462
2023-02-27,24,1646
2023-02-28,41,1662
2023-03-01,35,1706
2023-03-02,46,1825
2023-03-03,27,1531
2023-03-04,36,1627
2023-03-05,29,1794
2023-03-06,31,2024
2023-03-07,37,2058
2023-03-08,22,1909
2023-03-09,25,3436
2023-03-10,35,2886
2023-03-11,39,2296
2023-03-12,32,1996
2023-03-13,39,2285
2023-03-14,30,2012
2023-03-15,27,2284
2023-03-16,36,2112
2023-03-17,24,1861
2023-03-18,40,1670
2023-03-19,30,1586
2023-03-20,26,1815
2023-03-21,36,1688
2023-03-22,32,1656
2023-03-23,36,1655
2023-03-24,28,1549
2023-03-25,26,1338
2023-03-26,20,1402
2023-03-27,44,1683
2023-03-28,19,1767
2023-03-29,30,1556
2023-03-30,31,1501
2023-03-31,38,1452
2023-04-01,18,1316
2023-04-02,24,1191
2023-04-03,28,1435
2023-04-04,25,1384
2023-04-05,23,1356
2023-04-06,23,1375
2023-04-07,31,1289
2023-04-08,31,1095
2023-04-09,17,1232
2023-04-10,23,1304
2023-04-11,30,1496
2023-04-12,39,1585
2023-04-13,41,1431
2023-04-14,28,1294
2023-04-15,38,1291
2023-04-16,32,1252
2023-04-17,44,1408
2023-04-18,25,1376
2023-04-19,30,1539
2023-04-20,25,1380
2023-04-21,28,1237
2023-04-22,33,1186
2023-04-23,37,1267
2023-04-24,26,1330
2023-04-25,19,1439
2023-04-26,20,1494
2023-04-27,26,1405
2023-04-28,23,1402
2023-04-29,20,1088
2023-04-30,26,1130
2023-05-01,26,1291
2023-05-02,29,1345
2023-05-03,36,1405
2023-05-04,22,1369
2023-05-05,25,1502
2023-05-06,28,1424
2023-05-07,21,1245
2023-05-08,21,1596
2023-05-09,26,1527
2023-05-10,39,1436
2023-05-11,43,1516
2023-05-12,28,1315
2023-05-13,30,1163
2023-05-14,36,1108
2023-05-15,30,1435
2023-05-16,34,1473
2023-05-17,32,1462
2023-05-18,27,1607
2023-05-19,36,1507
2023-05-20,26,1196
2023-05-21,25,1276
2023-05-22,40,1511
2023-05-23,36,1479
2023-05-24,34,1573
2023-05-25,23,1264
2023-05-26,28,1390
2023-05-27,21,1151
2023-05-28,28,1166
2023-05-29,23,1259
2023-05-30,33,1601
2023-05-31,38,1461
2023-06-01,37,1485
2023-06-02,25,1284
2023-06-03,28,1149
2023-06-04,28,1239
2023-06-05,35,1500
2023-06-06,24,1489
2023-06-07,27,1272
2023-06-08,23,1322
2023-06-09,34,1240
2023-06-10,31,1206
2023-06-11,26,1361
2023-06-12,33,1306
2023-06-13,38,1460
2023-06-14,32,1482
2023-06-15,25,1531
2023-06-16,27,1330
2023-06-17,24,1147
2023-06-18,21,1237
2023-06-19,39,1306
2023-06-20,26,1509
2023-06-21,35,1396
2023-06-22,31,1336
2023-06-23,33,1245
2023-06-24,13,1016
2023-06-25,56,1156
2023-06-26,16,1269
2023-06-27,22,1071
2023-06-28,30,1174
2023-06-29,24,1028
2023-06-30,18,1074
2023-07-01,19,814
2023-07-02,25,935
2023-07-03,20,1017
2023-07-04,30,1008
2023-07-05,35,1197
2023-07-06,27,1090
2023-07-07,26,1060
2023-07-08,16,952
2023-07-09,23,946
2023-07-10,19,923
2023-07-11,26,1372
2023-07-12,24,1049
2023-07-13,27,1129
2023-07-14,20,1053
2023-07-15,24,807
2023-07-16,22,884
2023-07-17,20,1106
2023-07-18,33,1043
2023-07-19,22,1080
2023-07-20,26,994
2023-07-21,26,979
2023-07-22,21,938
2023-07-23,22,971
2023-07-24,37,1455
2023-07-25,38,1390
2023-07-26,24,1151
2023-07-27,14,1179
2023-07-28,28,1097
2023-07-29,37,907
2023-07-30,18,974
2023-07-31,27,1020
2023-08-01,22,1170
2023-08-02,18,1078
2023-08-03,24,1067
2023-08-04,23,1042
2023-08-05,31,845
2023-08-06,23,942
2023-08-07,21,1037
2023-08-08,24,1193
2023-08-09,27,1100
2023-08-10,19,1077
2023-08-11,31,936
2023-08-12,36,868
2023-08-13,27,932
2023-08-14,28,1140
2023-08-15,30,1030
2023-08-16,15,1000
2023-08-17,33,1081
2023-08-18,20,1006
2023-08-19,24,908
2023-08-20,29,946
2023-08-21,32,1286
2023-08-22,28,1176
2023-08-23,32,1119
2023-08-24,27,1082
2023-08-25,29,1116
2023-08-26,17,1009
2023-08-27,30,1201
2023-08-28,28,1221
2023-08-29,28,1106
2023-08-30,27,1100
2023-08-31,37,1161
2023-09-01,31,1097
2023-09-02,17,915
2023-09-03,22,990
2023-09-04,24,1156
2023-09-05,36,1123
2023-09-06,28,1243
2023-09-07,20,1209
2023-09-08,30,1229
2023-09-09,28,1095
2023-09-10,22,1082
2023-09-11,34,1225
2023-09-12,21,1294
2023-09-13,22,1333
2023-09-14,39,1400
2023-09-15,23,1156
2023-09-16,24,1075
2023-09-17,26,1149
2023-09-18,38,1417
2023-09-19,24,1428
2023-09-20,30,1479
2023-09-21,39,1540
2023-09-22,31,1323
2023-09-23,21,1218
2023-09-24,36,1149
2023-09-25,29,1486
2023-09-26,37,1567
2023-09-27,45,1455
2023-09-28,23,1297
2023-09-29,34,1325
2023-09-30,27,1201
2023-10-01,19,1222
2023-10-02,41,1432
2023-10-03,31,1544
2023-10-04,35,1490
2023-10-05,36,1409
2023-10-06,47,1362
2023-10-07,28,1103
2023-10-08,22,1196
2023-10-09,36,1425
2023-10-10,49,1506
2023-10-11,33,1507
2023-10-12,34,1451
2023-10-13,42,1370
2023-10-14,30,1118
2023-10-15,32,1227
2023-10-16,28,1530
2023-10-17,34,1402
2023-10-18,41,1494
2023-10-19,33,1554
2023-10-20,29,1434
2023-10-21,32,1079
2023-10-22,24,1112
2023-10-23,27,1474
2023-10-24,47,1526
2023-10-25,31,1463
2023-10-26,39,1396
2023-10-27,40,1278
2023-10-28,28,1362
2023-10-29,40,1440
2023-10-30,32,1796
2023-10-31,38,1491
2023-11-01,30,1597
2023-11-02,36,1864
2023-11-03,30,1853
2023-11-04,35,1227
2023-11-05,33,1296
2023-11-06,33,1586
2023-11-07,24,1604
2023-11-08,36,1855
2023-11-09,35,2043
2023-11-10,41,1876
2023-11-11,22,1238
2023-11-12,24,1304
2023-11-13,30,1513
2023-11-14,32,1955
2023-11-15,36,1761
2023-11-16,37,1683
2023-11-17,40,1473
2023-11-18,30,1289
2023-11-19,28,1270
2023-11-20,34,1912
2023-11-21,27,1784
2023-11-22,33,1957
2023-11-23,32,1746
2023-11-24,26,1571
2023-11-25,33,1532
2023-11-26,22,1706
2023-11-27,41,2373
2023-11-28,46,2407
2023-11-29,44,2084
2023-11-30,30,1924
2023-12-01,31,1770
2023-12-02,33,1543
2023-12-03,36,1609
2023-12-04,33,2050
2023-12-05,31,2067
2023-12-06,31,1996
2023-12-07,40,1977
2023-12-08,38,1828
2023-12-09,24,1606
2023-12-10,29,1823
2023-12-11,36,2179
2023-12-12,31,2249
2023-12-13,37,2311
2023-12-14,44,2139
2023-12-15,40,2022
2023-12-16,38,1802
2023-12-17,39,1914
2023-12-18,47,2195
2023-12-19,34,2191
2023-12-20,43,2232
2023-12-21,32,2056
2023-12-22,34,1995
2023-12-23,35,1752
2023-12-24,23,1662
2023-12-25,39,1707
2023-12-26,37,1962
2023-12-27,47,2201
2023-12-28,41,2304
2023-12-29,36,2186
2023-12-30,33,1940
2023-12-31,23,1806
2024-01-01,37,1639
2024-01-02,37,2174
2024-01-03,40,2457
2024-01-04,51,2473
2024-01-05,19,2311
2024-01-06,37,2155
2024-01-07,36,1953
2024-01-08,35,2487
2024-01-09,41,2504
2024-01-10,35,2396
2024-01-11,34,2280
2024-01-12,27,2064
2024-01-13,29,1891
2024-01-14,27,1712
2024-01-15,29,2097
2024-01-16,39,2078
2024-01-17,29,2011
2024-01-18,38,2177
2024-01-19,33,1931
2024-01-20,22,1738
2024-01-21,27,1742
2024-01-22,36,1962
2024-01-23,26,1864
2024-01-24,29,2063
2024-01-25,38,1940
2024-01-26,31,1869
2024-01-27,32,1544
2024-01-28,22,1677
2024-01-29,28,1976
2024-01-30,31,2054
2024-01-31,34,2102
2024-02-01,36,1965
2024-02-02,28,1830
2024-02-03,28,1610
2024-02-04,21,1600
2024-02-05,25,1904
2024-02-06,36,1840
2024-02-07,43,1895
2024-02-08,41,1922
2024-02-09,35,1698
2024-02-10,22,1497
2024-02-11,30,1604
2024-02-12,34,1812
2024-02-13,34,1874
2024-02-14,28,1708
2024-02-15,22,1728
2024-02-16,28,1592
2024-02-17,17,1560
2024-02-18,34,1592
2024-02-19,24,1761
2024-02-20,31,1711
2024-02-21,31,1713
2024-02-22,29,1661
2024-02-23,27,1531
2024-02-24,29,1313
2024-02-25,20,1433
2024-02-26,39,1694
2024-02-27,20,1729
2024-02-28,41,1663
2024-02-29,33,1519
2024-03-01,24,1498
2024-03-02,27,1272
2024-03-03,41,1398
2024-03-04,21,1832
2024-03-05,25,1556
2024-03-06,24,1713
2024-03-07,28,1530
2024-03-08,22,1409
2024-03-09,19,1377
2024-03-10,29,2064
2024-03-11,25,1583
2024-03-12,31,1679
2024-03-13,25,1552
2024-03-14,27,1643
2024-03-15,21,1448
2024-03-16,17,1256
2024-03-17,26,1309
2024-03-18,22,1499
2024-03-19,25,1483
2024-03-20,27,1426
2024-03-21,20,1318
2024-03-22,24,1231
2024-03-23,19,1062
2024-03-24,16,1121
2024-03-25,12,1302
2024-03-26,19,1294
2024-03-27,26,1240
2024-03-28,29,1268
2024-03-29,16,1076
2024-03-30,25,1071
2024-03-31,20,1033
2024-04-01,19,1347
2024-04-02,24,1414
2024-04-03,34,1351
2024-04-04,35,1314
2024-04-05,29,1312
2024-04-06,20,1091
2024-04-07,19,1158
2024-04-08,16,1238
2024-04-09,24,1194
2024-04-10,13,1209
2024-04-11,25,1145
2024-04-12,26,1103
2024-04-13,22,949
2024-04-14,19,961
2024-04-15,17,1227
2024-04-16,21,1160
2024-04-17,20,1162
2024-04-18,26,1262
2024-04-19,24,1254
2024-04-20,17,1071
2024-04-21,18,1091
2024-04-22,26,1376
2024-04-23,23,1384
2024-04-24,25,1391
2024-04-25,20,1286
2024-04-26,17,1292
2024-04-27,23,1099
2024-04-28,15,1100
2024-04-29,37,1224
2024-04-30,26,1288
2024-05-01,17,1144
2024-05-02,29,1293
2024-05-03,21,1271
2024-05-04,13,1203
2024-05-05,14,1313
2024-05-06,31,1350
2024-05-07,27,1243
2024-05-08,28,1281
2024-05-09,23,1227
2024-05-10,18,1206
2024-05-11,81,972
2024-05-12,43,966
2024-05-13,99,1235
2024-05-14,69,1192
2024-05-15,47,1244
2024-05-16,104,1263
2024-05-17,76,1101
2024-05-18,90,895
2024-05-19,69,982
2024-05-20,135,1185
2024-05-21,103,1284
2024-05-22,28,1199
2024-05-23,28,1216
2024-05-24,26,1107
2024-05-25,13,968
2024-05-26,21,977
2024-05-27,29,1003
2024-05-28,20,1127
2024-05-29,21,1092
2024-05-30,23,1069
2024-05-31,23,1027
2024-06-01,20,857
2024-06-02,19,862
2024-06-03,30,1078
2024-06-04,20,1001
2024-06-05,25,1143
2024-06-06,24,1303
2024-06-07,20,1091
2024-06-08,21,868
2024-06-09,17,961
2024-06-10,19,1102
2024-06-11,23,1115
2024-06-12,20,1063
2024-06-13,16,1036
2024-06-14,25,900
2024-06-15,12,863
2024-06-16,17,837
2024-06-17,22,1009
2024-06-18,23,1032
2024-06-19,25,998
2024-06-20,23,1017
2024-06-21,15,1013
2024-06-22,20,853
2024-06-23,20,908
2024-06-24,17,1057
2024-06-25,19,1048
2024-06-26,34,998
2024-06-27,20,963
2024-06-28,16,933
2024-06-29,12,793
2024-06-30,12,881
2024-07-01,16,964
2024-07-02,25,1025
2024-07-03,23,963
2024-07-04,31,889
2024-07-05,27,906
2024-07-06,24,883
2024-07-07,15,902
2024-07-08,27,1025
2024-07-09,19,987
2024-07-10,24,1006
2024-07-11,22,999
2024-07-12,37,969
2024-07-13,24,894
2024-07-14,18,895
2024-07-15,21,1035
2024-07-16,17,1120
2024-07-17,14,1107
2024-07-18,16,1081
2024-07-19,25,943
2024-07-20,26,793
2024-07-21,22,920
2024-07-22,24,1007
2024-07-23,17,1012
2024-07-24,22,970
2024-07-25,19,1066
2024-07-26,23,940
2024-07-27,20,796
2024-07-28,18,850
2024-07-29,26,992
2024-07-30,22,1022
2024-07-31,16,912
2024-08-01,20,889
2024-08-02,11,795
2024-08-03,15,785
2024-08-04,24,862
2024-08-05,16,949
2024-08-06,18,958
2024-08-07,23,985
2024-08-08,17,953
2024-08-09,24,1013
2024-08-10,20,755
2024-08-11,20,849
2024-08-12,38,900
2024-08-13,31,1067
2024-08-14,16,1068
2024-08-15,28,950
2024-08-16,30,965
2024-08-17,25,925
2024-08-18,14,978
2024-08-19,28,1159
2024-08-20,21,1137
2024-08-21,22,1085
2024-08-22,30,1070
2024-08-23,25,984
2024-08-24,28,903
2024-08-25,16,872
2024-08-26,37,1052
2024-08-27,23,1065
2024-08-28,36,1237
2024-08-29,33,1088
2024-08-30,33,1107
2024-08-31,23,941
2024-09-01,30,922
2024-09-02,30,1007
2024-09-03,37,1083
2024-09-04,26,1015
2024-09-05,26,963
2024-09-06,25,971
2024-09-07,37,961
2024-09-08,28,1018
2024-09-09,30,1196
2024-09-10,31,1192
2024-09-11,31,1113
2024-09-12,38,1149
2024-09-13,29,1112
2024-09-14,23,936
2024-09-15,28,928
2024-09-16,40,1203
2024-09-17,30,1198
2024-09-18,28,1277
2024-09-19,26,1233
2024-09-20,40,1066
2024-09-21,18,1031
2024-09-22,25,1011
2024-09-23,35,1291
2024-09-24,33,1277
2024-09-25,44,1237
2024-09-26,43,1262
2024-09-27,32,1269
2024-09-28,24,1308
2024-09-29,31,1121
2024-09-30,30,1306
2024-10-01,32,1284
2024-10-02,25,1252
2024-10-03,45,1225
2024-10-04,32,1187
2024-10-05,29,1139
2024-10-06,24,1181
2024-10-07,46,1456
2024-10-08,39,1353
2024-10-09,38,1334
2024-10-10,21,1380
2024-10-11,24,1168
2024-10-12,15,1136
2024-10-13,11,1182
2024-10-14,51,1449
2024-10-15,52,1479
2024-10-16,42,1446
2024-10-17,35,1441
2024-10-18,36,1344
2024-10-19,30,1210
2024-10-20,26,1229
2024-10-21,28,1498
2024-10-22,21,1533
2024-10-23,22,1342
2024-10-24,43,1371
2024-10-25,30,1243
2024-10-26,24,1005
2024-10-27,24,1085
2024-10-28,31,1443
2024-10-29,24,1390
2024-10-30,29,1351
2024-10-31,29,1233
2024-11-01,17,1187
2024-11-02,18,1011
2024-11-03,21,1159
2024-11-04,16,1369
2024-11-05,31,1374
2024-11-06,24,1207
2024-11-07,25,1326
2024-11-08,29,1326
2024-11-09,21,1154
2024-11-10,23,1173
2024-11-11,26,1521
2024-11-12,31,1442
2024-11-13,31,1695
2024-11-14,33,1492
2024-11-15,20,1350
2024-11-16,15,1105
2024-11-17,22,1228
2024-11-18,25,1731
2024-11-19,34,1745
2024-11-20,32,1525
2024-11-21,23,1552
2024-11-22,21,1348
2024-11-23,21,1144
2024-11-24,26,1169
2024-11-25,21,1483
2024-11-26,29,1474
2024-11-27,22,1354
2024-11-28,24,1235
2024-11-29,21,1292
2024-11-30,22,1099
2024-12-01,20,1234
2024-12-02,24,1412
2024-12-03,33,1475
2024-12-04,25,1643
2024-12-05,33,1484
2024-12-06,22,1360
2024-12-07,21,1213
2024-12-08,26,1310
2024-12-09,33,1666
2024-12-10,27,1487
2024-12-11,43,1499
2024-12-12,37,1522
2024-12-13,39,1461
2024-12-14,25,1301
2024-12-15,26,1338
2024-12-16,25,1842
2024-12-17,30,1866
2024-12-18,32,1893
2024-12-19,32,2010
2024-12-20,34,1791
2024-12-21,33,1541
2024-12-22,39,1598
2024-12-23,36,1777
2024-12-24,38,1834
2024-12-25,35,1702
2024-12-26,34,2021
2024-12-27,40,2190
2024-12-28,35,2275
2024-12-29,36,2159
2024-12-30,41,2385
2024-12-31,41,2103
2025-01-01,33,1937
2025-01-02,34,2354
2025-01-03,39,2611
2025-01-04,47,2456
2025-01-05,48,2420
2025-01-06,47,2815
2025-01-07,44,2962
2025-01-08,43,2724
2025-01-09,41,2527
2025-01-10,43,2303
2025-01-11,35,1958
2025-01-12,30,1995
2025-01-13,48,2406
2025-01-14,27,2248
2025-01-15,44,2331
2025-01-16,44,2132
2025-01-17,35,2035
2025-01-18,35,1824
2025-01-19,37,1745
2025-01-20,48,2175
2025-01-21,39,2244
2025-01-22,42,2321
2025-01-23,41,2476
2025-01-24,41,2199
2025-01-25,30,1960
2025-01-26,43,2014
2025-01-27,45,2549
2025-01-28,56,2673
